JS_ID,Name,Age,Gender,Status
98836,Phoebe,27,female,searching
354,Amadeus,23,male,searching
84792,Liam,48,male,searching
78436,Jonathan,42,male,searching
60136,Aubree,44,female,searching
71797,Octavian,48,male,searching
19123,Penelope,62,female,searching
29477,Brayden,22,male,searching
88793,Langston,62,male,searching
4857,Paisley,56,female,searching
75395,Genesis,65,female,searching
9771,Samantha,53,female,searching
16811,Declan,25,male,searching
19897,Nora,20,female,searching
23841,Aubree,33,female,searching
68964,Liliana,25,female,searching
60670,Vivian,53,female,searching
86430,Lucy,47,female,searching
65415,Lachlan,20,male,searching
55654,Ezra,61,male,searching
49863,Isidore,28,male,searching
75130,Tessa,24,female,searching
15881,Jayden,20,male,searching
88002,Piper,57,female,searching
79161,Madison,43,female,searching
92356,Willow,30,female,searching
94332,Maximilian,26,male,searching
3541,Kyle,32,male,searching
95952,Imogen,18,female,searching
94052,Danielle,46,female,searching
12736,Easton,27,male,searching
93002,Penelope,59,female,searching
27876,Ira,34,male,searching
29783,Cody,55,male,searching
74374,Ryder,21,male,searching
17996,Grace,37,female,searching
34853,Paige,18,female,searching
20317,Titus,28,male,searching
79097,Rhett,49,male,searching
61667,Solomon,57,male,searching
85284,Benedict,19,male,searching
60945,Bram,45,male,searching
42890,Everett,49,male,searching
67336,Solomon,29,male,searching
67339,Aubree,31,female,searching
96798,Charlotte,29,female,searching
78590,Amias,36,male,searching
34751,Adalynn,55,female,searching
7976,Maeve,47,female,searching
23497,Dahlia,54,female,searching
38853,Jaxson,59,male,searching
90520,Finn,41,male,searching
24887,Sophie,20,female,searching
56561,Benedict,34,male,searching
98697,Kevin,43,male,searching
61728,Kathryn,46,female,searching
30782,Ethan,62,male,searching
28461,Thayer,41,male,searching
81517,Daniel,54,male,searching
58239,Emily,30,female,searching
47671,Caleb,31,male,searching
49216,Augustus,30,male,searching
68066,Gideon,28,male,searching
97355,Sadie,56,female,searching
67642,Finn,24,male,searching
10678,Samson,54,male,searching
14623,Elara,38,female,searching
18892,Barnaby,41,male,searching
67962,Maya,32,female,searching
54847,Ramona,31,female,searching
66676,Paisley,29,female,searching
15602,Jackson,62,male,searching
85074,Maxwell,46,male,searching
27375,Eleanor,51,female,searching
59093,Alastair,19,male,searching
76902,Daphne,41,female,searching
61780,Bella,35,female,searching
8854,Osiris,21,male,searching
27084,Callahan,51,male,searching
26714,Evan,39,male,searching
11378,Kinsley,52,female,searching
13520,Isla,35,female,searching
42802,Harrison,37,male,searching
11860,Mabel,47,female,searching
45317,Torin,48,male,searching
9445,Mabel,24,female,searching
40304,Samantha,28,female,searching
67355,Dallas,25,male,searching
58768,Brian,43,male,searching
41617,Kinsley,36,female,searching
65554,Ava,27,female,searching
99284,Ellie,46,female,searching
22944,Tarquin,31,male,searching
60866,Zoe,30,female,searching
93310,Andre,39,male,searching
51451,Jonas,28,male,searching
84154,Ramona,30,female,searching
26894,Lorenzo,37,male,searching
52850,Anneliese,19,female,searching
36535,Zayden,61,male,searching
82349,Nathan,61,male,searching
62336,Adalynn,62,female,searching
69052,Maximilian,56,male,searching
90891,Terry,55,male,searching
97433,Hudson,46,male,searching
2724,Ezekiel,57,male,searching
36283,Lucy,46,female,searching
54806,Lucas,58,male,searching
77737,Taylor,64,female,searching
33751,Finley,34,male,searching
27965,Roderick,23,male,searching
14858,Mary,57,female,searching
20611,Liam,38,male,searching
66355,Ian,21,male,searching
71101,Josiah,50,male,searching
28546,Maeve,58,female,searching
75431,Olivia,30,female,searching
93358,Torquil,39,male,searching
87646,Leo,23,male,searching
73950,Zoey,47,female,searching
49119,Savannah,39,female,searching
16616,Magnolia,65,female,searching
21539,Jonah,48,male,searching
54875,Kaylee,20,female,searching
46112,Samantha,38,female,searching
24921,Eli,58,male,searching
60401,Aurora,36,female,searching
81208,Dorian,43,male,searching
57467,James,41,male,searching
40995,Autumn,65,female,searching
15413,Kian,45,male,searching
13316,Seraphina,33,female,searching
45590,David,53,male,searching
64389,Scarlett,48,female,searching
51858,Harper,64,female,searching
48641,Evelyn,44,female,searching
28664,Lucian,37,male,searching
40657,Audrey,18,female,searching
80824,Rowan,46,male,searching
53491,Jeremy,34,male,searching
20142,Elliot,55,male,searching
7232,Dallas,28,male,searching
64115,Aurelia,25,female,searching
27095,Keegan,48,male,searching
70871,Malcolm,63,male,searching
81255,Preston,52,male,searching
92934,Jackson,31,male,searching
22117,Jordan,44,male,searching
93105,Cassian,30,male,searching
13950,Jonathan,46,male,searching
47473,Amelia,47,female,searching
99602,Remington,20,male,searching
51978,Barnaby,22,male,searching
27975,Kingston,25,male,searching
93228,Owen,55,male,searching
67393,Harper,19,female,searching
31958,Anna,21,female,searching
95751,Layla,44,female,searching
95299,Josiah,53,male,searching
39732,Elena,29,female,searching
20075,Natalie,25,female,searching
16632,Lyra,25,female,searching
59725,Adeline,51,female,searching
40010,Gabriella,19,female,searching
68096,Bella,22,female,searching
2812,Zara,52,female,searching
2505,Cody,63,male,searching
82806,Emma,43,female,searching
46873,Aubree,23,female,searching
91729,Katherine,35,female,searching
64965,Alexandria,50,female,searching
2748,Kayden,61,male,searching
60613,Jason,28,male,searching
73282,Barnaby,28,male,searching
33323,Olivia,64,female,searching
78533,Laura,40,female,searching
49306,Brenden,55,male,searching
19053,Zoey,51,female,searching
1602,Kennedy,45,female,searching
50158,Zoey,43,female,searching
9744,Amelia,55,female,searching
49394,Hazel,59,female,searching
98680,Isabella,42,female,searching
11091,Nicolas,26,male,searching
42404,Gage,39,male,searching
61282,Eli,40,male,searching
98445,Maximus,60,male,searching
83165,Theodore,58,male,searching
42559,Callum,54,male,searching
10122,Riley,42,female,searching
76300,Alec,28,male,searching
73518,Sadie,38,female,searching
12073,Rose,20,female,searching
54691,Lila,48,female,searching
19113,Taylor,53,female,searching
47307,Cooper,41,male,searching
27294,Diana,44,female,searching
69362,Kinsley,33,female,searching
97016,Brooklyn,63,female,searching
13986,Aubree,24,female,searching
6189,Eamon,34,male,searching
68556,Harrison,43,male,searching
19271,Mia,24,female,searching
28133,Parker,44,male,searching
45502,Marcus,28,male,searching
2599,Katherine,33,female,searching
34916,Victoria,18,female,searching
27552,Tyson,54,male,searching
35730,Barnaby,19,male,searching
38378,Colton,65,male,searching
22766,Isabella,59,female,searching
87866,Fox,30,male,searching
64384,Hugo,63,male,searching
92454,Kinsley,39,female,searching
49630,Ava,44,female,searching
48053,Beatrice,59,female,searching
35020,Aiden,57,male,searching
16944,Matthew,51,male,searching
34691,Remy,37,male,searching
22494,Ariana,27,female,searching
72530,Camila,39,female,searching
9034,Callahan,29,male,searching
65276,David,54,male,searching
49807,Lillian,61,female,searching
24098,Isabella,63,female,searching
7148,Tyler,45,male,searching
19514,Riley,63,female,searching
13421,Vivienne,26,female,searching
93240,Jennifer,51,female,searching
89032,Zion,33,male,searching
28370,Liliana,54,female,searching
86640,Matilda,28,female,searching
9787,Autumn,28,female,searching
4840,Titus,52,male,searching
35174,Amadeo,37,male,searching
69250,Scarlett,40,female,searching
44763,Jude,63,male,searching
2823,Cordelia,24,female,searching
16372,Amy,65,female,searching
16865,Natalie,18,female,searching
41107,Valeria,41,female,searching
95213,Adeline,23,female,searching
14978,Percival,65,male,searching
94856,Vincent,64,male,searching
159,Freya,42,female,searching
72424,Rainier,59,male,searching
53528,Jace,19,male,searching
78537,Ruby,55,female,searching
99891,Amelia,23,female,searching
97143,Naomi,20,female,searching
8514,Clementine,21,female,searching
524,Charlotte,42,female,searching
28940,Finn,55,male,searching
84607,Emma,21,female,searching
75777,Elio,61,male,searching
31656,Emmett,52,male,searching
78726,Michael,33,male,searching
32377,Vincent,20,male,searching
521,Oliver,63,male,searching
7525,Fiona,64,female,searching
84035,Ryan,39,male,searching
30203,Lucy,63,female,searching
7818,Rafe,26,male,searching
71548,Thea,32,female,searching
12285,Amadeus,38,male,searching
53602,Luciano,28,male,searching
45465,Anderson,63,male,searching
52243,Paul,64,male,searching
10388,Oscar,58,male,searching
82153,Sophia,48,female,searching
26297,Samantha,55,female,searching
46427,Clementine,61,female,searching
19267,Bella,28,female,searching
61774,Magnolia,41,female,searching
10332,Anatole,42,male,searching
13731,Kinsley,52,female,searching
76361,Penelope,20,female,searching
89146,Brooklyn,37,female,searching
60196,Elise,58,female,searching
44375,Maeve,27,female,searching
84902,Paige,27,female,searching
89222,Keegan,64,male,searching
91057,Torquil,42,male,searching
79412,Amias,36,male,searching
18292,Levi,54,male,searching
97771,Ava,57,female,searching
43210,Rhys,48,male,searching
99302,Nova,48,female,searching
53517,Gavin,26,male,searching
29075,Serenity,41,female,searching
92711,Vivienne,40,female,searching
66862,Felix,55,male,searching
40456,Cordelia,28,female,searching
13947,Emma,18,female,searching
93760,Tyson,20,male,searching
57215,Zoey,56,female,searching
51639,Riley,28,female,searching
97425,Amy,55,female,searching
39538,Anderson,45,male,searching
36344,Dante,32,male,searching
73888,Ariel,38,female,searching
90598,David,48,male,searching
70446,Elara,62,female,searching
28314,Persephone,28,female,searching
72916,Sterling,49,male,searching
86518,Brielle,37,female,searching
37290,Naomi,62,female,searching
38026,Orion,47,male,searching
90737,Briggs,45,male,searching
52923,Roman,40,male,searching
31810,Leah,47,female,searching
88987,Katherine,62,female,searching
9864,Callahan,43,male,searching
7528,Adalynn,37,female,searching
87867,Kennedy,65,female,searching
90411,Madeline,46,female,searching
22692,Magnolia,55,female,searching
35967,Skylar,26,female,searching
82686,Persephone,65,female,searching
62045,Chase,61,male,searching
60929,Evelyn,49,female,searching
95335,Danielle,64,female,searching
80191,Ronan,59,male,searching
48501,Zayden,24,male,searching
60533,Madeline,22,female,searching
57651,Orion,54,male,searching
13894,Delilah,34,female,searching
35907,Isaac,53,male,searching
4508,Samuel,29,male,searching
6035,Addison,48,female,searching
32296,Elijah,57,male,searching
69070,Emmanuel,55,male,searching
86511,Esme,36,female,searching
29685,Thea,47,female,searching
44491,Kai,38,male,searching
58421,Amadeus,21,male,searching
75398,Dahlia,33,female,searching
13587,Dominic,42,male,searching
69159,Elena,61,female,searching
77655,Ivan,55,male,searching
22669,Aaliyah,25,female,searching
44477,Seraphina,53,female,searching
82865,Christian,44,male,searching
81469,Anneliese,32,female,searching
1888,Imogen,27,female,searching
69645,Calliope,36,female,searching
22725,Bennett,50,male,searching
75200,Tatum,26,female,searching
33398,Wesley,23,male,searching
67997,Genesis,56,female,searching
27708,Juniper,62,female,searching
94488,Miles,63,male,searching
44693,Maxwell,60,male,searching
57389,Gabriella,36,female,searching
78944,Anderson,21,male,searching
90082,Carson,52,male,searching
46339,Hadley,19,female,searching
30479,Octavian,24,male,searching
94274,Elara,53,female,searching
29476,Declan,27,male,searching
26910,Rafael,50,male,searching
67314,Genesis,27,female,searching
90013,Phoebe,22,female,searching
98099,Kennedy,32,female,searching
94932,Brooks,63,male,searching
82485,Penelope,57,female,searching
21505,Piper,35,female,searching
12882,Ruben,44,male,searching
57879,Joel,62,male,searching
43140,Piper,35,female,searching
59734,Danielle,20,female,searching
4341,Peyton,52,female,searching
14787,Lauren,58,female,searching
76166,Daniel,23,male,searching
83487,Lincoln,44,male,searching
60352,Kingston,27,male,searching
12818,Hugo,29,male,searching
35755,Ira,56,male,searching
49888,Julia,50,female,searching
63906,Oliver,32,male,searching
52279,Mason,31,male,searching
52448,Arabella,35,female,searching
99894,Mabel,43,female,searching
49356,Caroline,23,female,searching
11203,Bodhi,52,male,searching
47006,Archibald,39,male,searching
47721,Georgia,31,female,searching
6334,Titus,24,male,searching
5644,Torquil,31,male,searching
4420,Gabriel,63,male,searching
92094,Riley,43,female,searching
95721,Jeremy,29,male,searching
44190,Magnolia,20,female,searching
64574,Tatum,54,female,searching
12327,Jonas,48,male,searching
69709,Langston,44,male,searching
84345,Eli,57,male,searching
15692,Everett,23,male,searching
57987,Lucas,46,male,searching
27675,Mason,39,male,searching
37528,Adalynn,21,female,searching
7279,Riley,55,female,searching
49483,Colton,58,male,searching
81320,Ivan,44,male,searching
89574,Kai,58,male,searching
25068,Olivia,25,female,searching
31339,Griffin,54,male,searching
94903,Vivienne,18,female,searching
87796,Charlotte,61,female,searching
84988,Owen,46,male,searching
55121,Magnus,53,male,searching
37363,Blaine,60,male,searching
37467,Thomas,18,male,searching
25498,Camila,46,female,searching
30234,Elena,52,female,searching
94278,Rebecca,40,female,searching
71019,Arabella,53,female,searching
41259,Penelope,38,female,searching
93249,Taylor,25,female,searching
5147,Brenden,61,male,searching
35263,Hudson,61,male,searching
85066,Lucien,25,male,searching
13398,Kaylee,46,female,searching
69627,Octavian,57,male,searching
26055,Asher,20,male,searching
16235,Audrey,30,female,searching
74191,Violet,64,female,searching
68298,Emma,37,female,searching
77254,Elio,30,male,searching
1504,Freya,48,female,searching
78773,Lucian,64,male,searching
66393,Terry,34,male,searching
85736,Lorenzo,55,male,searching
87065,Addison,21,female,searching
8744,Xavier,60,male,searching
75591,Cody,59,male,searching
78306,Conrad,44,male,searching
94536,Anderson,42,male,searching
13513,Samantha,31,female,searching
20680,Bella,33,female,searching
95243,Ethan,54,male,searching
4182,Adelaide,64,female,searching
87361,Addison,32,female,searching
73612,Hunter,34,male,searching
30920,Marcel,28,male,searching
69260,Rose,23,female,searching
51704,Erick,29,male,searching
82289,Jasmine,33,female,searching
5575,Lucien,42,male,searching
47548,Nora,19,female,searching
77533,Lachlan,24,male,searching
82150,Adalynn,22,female,searching
30049,Kevin,28,male,searching
80749,Archibald,52,male,searching
90372,Camila,65,female,searching
98010,Thea,54,female,searching
91232,Galileo,55,male,searching
4696,Bram,30,male,searching
10557,Mason,31,male,searching
14448,Giselle,53,female,searching
76947,Jorge,20,male,searching
21337,Wesley,35,male,searching
63050,Ashton,54,male,searching
30501,Natalie,35,female,searching
97681,Dashiell,18,male,searching
56409,King,19,male,searching
90739,King,33,male,searching
49225,Carson,42,male,searching
42758,Miles,46,male,searching
25763,Titus,55,male,searching
48278,Lillian,21,female,searching
11288,Solomon,28,male,searching
72406,Claire,28,female,searching
93864,Octavian,51,male,searching
76588,Stella,61,female,searching
30899,Eleanor,47,female,searching
93409,Elizabeth,31,female,searching
95209,Anna,59,female,searching
78804,August,58,male,searching
30053,Caleb,65,male,searching
99572,James,63,male,searching
81433,Camila,57,female,searching
9853,Victoria,23,female,searching
28530,Gulliver,36,male,searching
65493,Celeste,18,female,searching
977,Jordan,53,male,searching
17911,Arabella,53,female,searching
84702,Genesis,39,female,searching
60007,Samuel,33,male,searching
19913,Mabel,54,female,searching
8542,Celeste,45,female,searching
16673,Natalie,59,female,searching
83892,Sophie,48,female,searching
92207,Gulliver,51,male,searching
94901,Esme,25,female,searching
26942,Finley,64,male,searching
82403,Maya,61,female,searching
59675,Amy,18,female,searching
63446,Paisley,20,female,searching
60928,Joel,39,male,searching
49785,Rafael,58,male,searching
12220,Matteo,39,male,searching
37301,Elliot,46,male,searching
95784,Lincoln,18,male,searching
42104,Magnus,46,male,searching
1205,Elise,31,female,searching
1550,Willow,21,female,searching
7734,Maximilian,52,male,searching
85351,Colton,34,male,searching
79321,Ariel,61,female,searching
60227,Griffin,38,male,searching
53690,Ellie,21,female,searching
4711,Aubree,24,female,searching
63684,Barnaby,43,male,searching
94535,Anatole,34,male,searching
45446,Hailey,31,female,searching
3480,Violet,56,female,searching
70600,Thelonious,64,male,searching
36227,Lorenzo,40,male,searching
89135,Cillian,28,male,searching
75695,Genesis,47,female,searching
36769,Arthur,40,male,searching
69543,Lily,62,female,searching
390,Jasper,22,male,searching
41734,Amelia,27,female,searching
25840,Penelope,57,female,searching
41484,Kieran,63,male,searching
94447,Camila,32,female,searching
71859,Camila,31,female,searching
62861,Galileo,60,male,searching
60159,Stellan,60,male,searching
8424,Gage,52,male,searching
87179,Jaxon,35,male,searching
37019,Vivian,59,female,searching
32096,Freya,56,female,searching
76532,Jasmine,52,female,searching
44402,Madelyn,62,female,searching
55335,Daphne,30,female,searching
37895,Clementine,62,female,searching
28291,Joshua,48,male,searching
83083,Victor,26,male,searching
55436,Benjamin,59,male,searching
99593,Elias,31,male,searching
36399,Kaylee,40,female,searching
65677,Juniper,47,female,searching
38845,Valerian,41,male,searching
4030,Clementine,62,female,searching
16757,Madelyn,60,female,searching
67731,Laura,52,female,searching
51318,Mason,34,male,searching
60734,Sergio,37,male,searching
26112,Grayson,26,male,searching
3628,Kathryn,53,female,searching
55055,Genesis,55,female,searching
55518,Zander,49,male,searching
4212,Anna,61,female,searching
2491,Dax,56,male,searching
7929,Madison,48,female,searching
45500,Delilah,34,female,searching
56994,Laura,40,female,searching
42810,Torsten,23,male,searching
4870,Lauren,41,female,searching
61534,Ezekiel,57,male,searching
39092,Abigail,58,female,searching
26408,Ryder,19,male,searching
85108,Ariel,19,female,searching
76656,Robert,22,male,searching
66822,Silas,62,male,searching
80898,Avery,42,female,searching
33865,Lila,33,female,searching
43904,Abigail,18,female,searching
65128,Juniper,43,female,searching
50636,Persephone,22,female,searching
97893,Lazarus,61,male,searching
97724,Orion,45,male,searching
55706,Kaylee,55,female,searching
42037,Maya,45,female,searching
5492,Peregrine,47,male,searching
91563,Micah,25,male,searching
75821,Eleanor,37,female,searching
13837,Riley,39,female,searching
61515,Lionel,39,male,searching
18865,Cora,65,female,searching
94882,Alice,60,female,searching
81750,Ophelia,37,female,searching
33825,Dante,65,male,searching
68444,Leopold,26,male,searching
49706,Chase,47,male,searching
87576,Zachary,20,male,searching
83648,Felix,60,male,searching
51958,Finn,60,male,searching
79192,Carter,26,male,searching
73079,Kathryn,60,female,searching
88456,Maddox,57,male,searching
15745,Bodhi,51,male,searching
56048,Elio,33,male,searching
27833,Olivia,41,female,searching
84366,Tessa,22,female,searching
40701,Autumn,58,female,searching
27398,Quinn,42,female,searching
850,Lazarus,28,male,searching
95452,Jack,41,male,searching
74355,Sadie,43,female,searching
19042,Liliana,63,female,searching
76728,Alden,38,male,searching
74263,Carter,45,male,searching
77620,Marcel,51,male,searching
93457,Alec,49,male,searching
1830,Samuel,54,male,searching
60792,Diana,23,female,searching
65357,Sophia,52,female,searching
44075,Oberon,52,male,searching
64700,Clementine,18,female,searching
3558,Hadley,48,female,searching
26886,Florian,27,male,searching
1744,August,30,male,searching
36440,Roderick,35,male,searching
74025,Torsten,37,male,searching
96140,Caspian,25,male,searching
25791,Bodhi,38,male,searching
9334,Miles,61,male,searching
60506,Torin,65,male,searching
83434,Anderson,56,male,searching
17137,Serenity,30,female,searching
79077,Cameron,58,male,searching
82745,Jalen,64,male,searching
7417,Genesis,18,female,searching
9560,Oscar,57,male,searching
86725,Rhett,49,male,searching
44114,Hannah,54,female,searching
74353,Beatrice,50,female,searching
26805,Hannah,56,female,searching
51746,Ronan,61,male,searching
36750,Brooke,45,female,searching
27288,Jeremy,37,male,searching
50081,Bentley,42,male,searching
14172,Kaylee,29,female,searching
48315,Wesley,63,male,searching
48927,Asher,65,male,searching
43379,Caspian,44,male,searching
20914,Terry,53,male,searching
91590,Noah,22,male,searching
18147,Delilah,48,female,searching
91415,Zara,25,female,searching
30962,Luciano,58,male,searching
49952,Michael,40,male,searching
10200,Hannah,34,female,searching
50940,Paisley,22,female,searching
62544,Torin,65,male,searching
33058,Amy,51,female,searching
13474,Ellie,54,female,searching
75605,Cosimo,55,male,searching
72867,Jack,22,male,searching
28304,Julia,23,female,searching
25361,Stella,59,female,searching
77018,Everett,48,male,searching
12606,Laura,52,female,searching
89866,Torsten,53,male,searching
98011,Jaxson,64,male,searching
559,Charlotte,47,female,searching
44957,Genevieve,34,female,searching
47436,Elodie,63,female,searching
33527,Jude,37,male,searching
20816,Tatum,43,female,searching
97351,Callahan,29,male,searching
76037,Harrison,65,male,searching
62708,Lincoln,37,male,searching
30830,Endymion,19,male,searching
93434,Pascal,22,male,searching
64493,Zara,41,female,searching
37904,Amir,19,male,searching
80739,Arabella,33,female,searching
3235,Jonah,25,male,searching
9523,Sophie,41,female,searching
27538,Alexander,51,male,searching
45575,Mason,36,male,searching
34485,Isla,20,female,searching
20477,Juniper,54,female,searching
19765,Wesley,60,male,searching
28647,Noah,57,male,searching
47701,Liliana,65,female,searching
53494,Dahlia,54,female,searching
28091,Brayden,54,male,searching
97066,Ariel,24,female,searching
50513,Everett,54,male,searching
80063,Lydia,54,female,searching
28030,Benedict,32,male,searching
64135,Audrey,61,female,searching
82118,Archibald,47,male,searching
83643,Galileo,53,male,searching
47009,Maya,62,female,searching
55810,Aurelia,56,female,searching
16007,Vance,52,male,searching
40158,Imogen,20,female,searching
24610,Ophelia,50,female,searching
39577,Emma,64,female,searching
20784,Wesley,35,male,searching
67776,Gabriella,44,female,searching
23574,Oscar,57,male,searching
31821,Lila,35,female,searching
79199,Joel,27,male,searching
48358,Elena,29,female,searching
39727,Lillian,41,female,searching
93255,Valeria,27,female,searching
78649,Nicholas,33,male,searching
60323,Elara,19,female,searching
42746,Kingston,21,male,searching
50428,Elliot,49,male,searching
34729,Ellery,58,male,searching
37203,Jeremiah,22,male,searching
55331,Brayden,52,male,searching
87532,Harrison,38,male,searching
51219,Isidore,21,male,searching
41009,Lila,47,female,searching
56126,Alden,19,male,searching
68379,Jack,40,male,searching
16254,Dahlia,54,female,searching
19252,Phoebe,37,female,searching
24212,Zayden,38,male,searching
44843,Eli,34,male,searching
40860,Osiris,48,male,searching
19911,Aubree,51,female,searching
21741,Thomas,52,male,searching
91475,Amy,42,female,searching
78660,Emma,25,female,searching
76609,Alice,27,female,searching
63225,Brandon,30,male,searching
32355,Kieran,60,male,searching
15242,Cassius,49,male,searching
21500,Sophie,22,female,searching
34722,Tiberius,33,male,searching
48386,Everly,57,female,searching
6131,Vivian,44,female,searching
47792,Theodore,19,male,searching
95107,Naomi,33,female,searching
37959,Ashton,46,male,searching
98507,Abel,53,male,searching
85674,Mabel,24,female,searching
54461,Mason,55,male,searching
47471,Malcolm,61,male,searching
19988,Cassius,22,male,searching
3259,Georgia,31,female,searching
50343,Matilda,61,female,searching
18926,Elodie,55,female,searching
20058,Callahan,39,male,searching
27138,Sergio,64,male,searching
87653,Wren,32,female,searching
71949,Holden,46,male,searching
9581,Amelia,35,female,searching
53094,Imogen,62,female,searching
5425,Camden,18,male,searching
53819,Genevieve,65,female,searching
6681,Piper,36,female,searching
54293,Alice,53,female,searching
91673,Amelia,27,female,searching
81560,Caroline,49,female,searching
7380,Roman,51,male,searching
97597,Joseph,25,male,searching
17530,Ethan,64,male,searching
53412,Vincent,54,male,searching
69966,Eamon,39,male,searching
3044,Kevin,40,male,searching
55486,Griffin,45,male,searching
56459,Bodhi,40,male,searching
9159,Calliope,27,female,searching
21559,Elio,29,male,searching
24546,Jorge,50,male,searching
16369,Vivian,61,female,searching
66229,Sawyer,59,male,searching
9675,Rebecca,19,female,searching
35424,Paisley,27,female,searching
15647,Camila,49,female,searching
17834,Nathaniel,64,male,searching
6591,Tatum,38,female,searching
93975,Micah,58,male,searching
95716,Isla,26,female,searching
78416,Hazel,37,female,searching
77262,Daphne,51,female,searching
69210,Everett,30,male,searching
36846,Clara,40,female,searching
65147,Sullivan,39,male,searching
1289,Marcel,20,male,searching
17440,Kinsley,19,female,searching
33625,Maximus,45,male,searching
26544,Danielle,24,female,searching
82815,Ava,40,female,searching
63753,Caius,31,male,searching
38122,Sophia,22,female,searching
89051,Jace,51,male,searching
58055,Cade,56,male,searching
92133,Sebastian,56,male,searching
46248,Naomi,56,female,searching
89469,Torsten,51,male,searching
8088,Camden,38,male,searching
14235,Niko,63,male,searching
22126,Nova,53,female,searching
26776,Gabrielle,38,female,searching
76540,Joel,26,male,searching
49537,Delilah,39,female,searching
20738,Genevieve,60,female,searching
77863,Connor,25,male,searching
66851,Riley,21,female,searching
11417,Aubrey,56,female,searching
31631,Santiago,59,male,searching
49745,Grace,49,female,searching
47384,Sebastian,39,male,searching
97800,Madison,30,female,searching
92876,Freya,61,female,searching
40116,Lillian,58,female,searching
72602,Everly,60,female,searching
34640,Octavius,20,male,searching
90278,Aria,41,female,searching
37087,Lazarus,30,male,searching
56863,Graham,64,male,searching
51202,Lillian,61,female,searching
87369,Oliver,42,male,searching
93331,Ava,62,female,searching
64717,Octavius,59,male,searching
15800,Autumn,47,female,searching
8724,Diego,48,male,searching
62580,Leah,33,female,searching
1392,Quinn,50,female,searching
88218,Solomon,36,male,searching
41598,Christian,56,male,searching
43999,Alastair,23,male,searching
70714,Maya,21,female,searching
31280,Clementine,24,female,searching
97923,Dominic,48,male,searching
59202,Aubree,38,female,searching
50312,Lucian,27,male,searching
16184,Mary,48,female,searching
11136,Anthony,50,male,searching
55805,Jonah,23,male,searching
97595,Ophelia,32,female,searching
83159,Aurora,64,female,searching
20817,Nicolas,48,male,searching
61452,Brayden,24,male,searching
52323,Lillian,46,female,searching
21226,Natalie,22,female,searching
619,Elara,47,female,searching
11443,Chloe,61,female,searching
9879,Amelia,25,female,searching
62308,Brooke,47,female,searching
55444,Callahan,36,male,searching
27081,Lucian,44,male,searching
48647,Silas,28,male,searching
65331,Lysander,21,male,searching
73198,Alexandria,47,female,searching
84550,Danielle,27,female,searching
71079,Grace,56,female,searching
46360,Preston,25,male,searching
43582,Juniper,26,female,searching
56967,Arabella,30,female,searching
84358,Griffin,34,male,searching
65704,Ansel,32,male,searching
32673,Harper,60,female,searching
72000,Finley,53,male,searching
26024,Madeline,29,female,searching
83719,Endymion,63,male,searching
78076,Nolan,61,male,searching
23374,Brooke,24,female,searching
12725,Cesar,27,male,searching
87111,Elena,44,female,searching
96474,Ira,51,male,searching
63455,Everly,65,female,searching
82707,Violet,36,female,searching
32436,Ariel,18,female,searching
45692,Jack,56,male,searching
37519,Esme,25,female,searching
75801,Miles,22,male,searching
39106,Ian,39,male,searching
63631,Autumn,59,female,searching
40597,Peter,37,male,searching
66281,Joshua,42,male,searching
6081,Ruby,20,female,searching
96030,Hailey,22,female,searching
97128,Amy,28,female,searching
53253,Genesis,64,female,searching
26628,Joel,37,male,searching
91690,Remy,31,male,searching
92645,Connor,44,male,searching
88211,Brooklyn,62,female,searching
47326,Ezra,35,male,searching
14184,Phoebe,32,female,searching
58638,Auberon,50,male,searching
47903,Pascal,41,male,searching
27242,Lydia,55,female,searching
49154,Amias,60,male,searching
97116,Willow,56,female,searching
66054,Roman,54,male,searching
11840,Lawrence,41,male,searching
69087,Addison,37,female,searching
568,Eli,23,male,searching
97743,Paige,41,female,searching
11911,Daphne,47,female,searching
54414,Zara,43,female,searching
67202,Thea,23,female,searching
51848,Wren,26,female,searching
13867,Brielle,20,female,searching
94764,Florian,55,male,searching
26442,Ella,25,female,searching
62185,Fiona,44,female,searching
27597,Joel,55,male,searching
40250,Vivian,37,female,searching
19526,Michael,27,male,searching
94299,Jayden,46,male,searching
98237,Cillian,56,male,searching
23862,Reagan,47,female,searching
39314,Aubrey,41,female,searching
80431,Holden,48,male,searching
85844,Kinsley,27,female,searching
71353,Piper,23,female,searching
55375,Vance,57,male,searching
5868,Sophie,19,female,searching
89204,Tatum,46,female,searching
40204,Ava,36,female,searching
43991,Maddox,41,male,searching
13616,Kennedy,38,female,searching
23388,Ira,34,male,searching
41057,Caroline,35,female,searching
45854,Samson,34,male,searching
59882,Ewan,47,male,searching
90815,Anderson,29,male,searching
84257,Martin,20,male,searching
64040,Dominic,57,male,searching
39425,Elliot,62,male,searching
19616,Kian,64,male,searching
90719,Zachary,25,male,searching
85393,Joseph,46,male,searching
29059,Orion,56,male,searching
18295,Andre,60,male,searching
57095,Ariel,18,female,searching
34581,Daphne,52,female,searching
61127,Abigail,51,female,searching
13263,Layla,20,female,searching
22747,Oliver,57,male,searching
6437,Thayer,56,male,searching
10637,Nathaniel,44,male,searching
98678,Dylan,45,male,searching
81114,Phoebe,51,female,searching
32112,Brooke,46,female,searching
68347,Vanessa,41,female,searching
13269,Elodie,28,female,searching
67081,Savannah,65,female,searching
53417,Zoe,45,female,searching
55606,Ariana,47,female,searching
83317,Sofia,22,female,searching
35962,Samantha,25,female,searching
83091,Freya,29,female,searching
90594,Penelope,53,female,searching
74021,Vivian,52,female,searching
8647,Lucius,47,male,searching
22352,Callum,25,male,searching
59720,Endymion,32,male,searching
53481,Reagan,42,female,searching
68274,Genesis,53,female,searching
12709,Wyatt,54,male,searching
39504,Brooks,60,male,searching
92999,Lawrence,44,male,searching
30487,Ariana,19,female,searching
13329,Asher,56,male,searching
7503,Penelope,48,female,searching
5154,Cyprian,29,male,searching
391,Chloe,23,female,searching
83605,Kaylee,39,female,searching
75342,Emma,43,female,searching
59298,Blake,24,male,searching
89617,Persephone,22,female,searching
43013,Ava,48,female,searching
17003,Gavin,65,male,searching
12996,Bentley,60,male,searching
21632,Aurelia,32,female,searching
16449,Dallas,55,male,searching
96298,Blake,42,male,searching
68166,Ariel,30,female,searching
42220,Mia,26,female,searching
20966,Rhys,52,male,searching
84670,Ewan,36,male,searching
53187,Jude,30,male,searching
10996,Freya,36,female,searching
28800,Alice,49,female,searching
78988,Brooke,56,female,searching
18366,Archibald,34,male,searching
26268,Lachlan,32,male,searching
3695,Sophia,48,female,searching
59751,Aiden,28,male,searching
43362,Hailey,50,female,searching
90377,Ava,21,female,searching
78822,Abigail,34,female,searching
61563,Quinn,40,female,searching
47900,King,44,male,searching
65661,Eliana,58,female,searching
5126,Natalie,27,female,searching
25265,Cillian,62,male,searching
76373,Asher,48,male,searching
57954,Gavin,46,male,searching
20675,Alec,61,male,searching
28572,Vanessa,36,female,searching
93344,Claire,42,female,searching
99399,Kate,52,female,searching
