Job_ID,Proficiency,Domain
39824,Project Management,Business
39824,Public Speaking,Communication
39824,Creative Writing,Literature
39824,Programming,Computer Science
44909,Problem Solving,Mathematics
44909,Project Management,Business
82918,Problem Solving,Mathematics
13097,Problem Solving,Mathematics
13097,Graphic Design,Design
13097,Programming,Computer Science
97373,Graphic Design,Design
97373,Digital Marketing,Business
97373,Public Speaking,Communication
97373,Creative Writing,Literature
79606,Problem Solving,Mathematics
79606,Marketing,Business
79606,Public Speaking,Communication
43413,Creative Writing,Literature
83324,Problem Solving,Mathematics
83324,Web Development,Computer Science
53581,Graphic Design,Design
53581,Digital Marketing,Business
53581,Creative Writing,Literature
53581,Web Development,Computer Science
71304,Marketing,Business
81978,Web Development,Computer Science
81978,Public Speaking,Communication
81978,Programming,Computer Science
34915,Graphic Design,Design
48390,Problem Solving,Mathematics
48390,Graphic Design,Design
48390,Digital Marketing,Business
48390,Programming,Computer Science
41162,Data Analysis,Statistics
41162,Project Management,Business
41162,Web Development,Computer Science
83723,Digital Marketing,Business
39023,Digital Marketing,Business
39023,Public Speaking,Communication
68058,Problem Solving,Mathematics
24713,Project Management,Business
24713,Programming,Computer Science
45663,Problem Solving,Mathematics
45663,Graphic Design,Design
45663,Creative Writing,Literature
45663,Programming,Computer Science
84721,Problem Solving,Mathematics
84721,Graphic Design,Design
84721,Programming,Computer Science
10631,Digital Marketing,Business
10631,Marketing,Business
10631,Public Speaking,Communication
10631,Creative Writing,Literature
94039,Graphic Design,Design
94039,Public Speaking,Communication
42727,Data Analysis,Statistics
42727,Public Speaking,Communication
42727,Web Development,Computer Science
97514,Digital Marketing,Business
97514,Project Management,Business
26821,Problem Solving,Mathematics
21807,Marketing,Business
21807,Creative Writing,Literature
21807,Problem Solving,Mathematics
21807,Project Management,Business
21807,Digital Marketing,Business
50439,Data Analysis,Statistics
50439,Marketing,Business
10932,Data Analysis,Statistics
98077,Marketing,Business
98077,Web Development,Computer Science
98077,Digital Marketing,Business
98077,Public Speaking,Communication
98077,Programming,Computer Science
62854,Marketing,Business
62854,Project Management,Business
88735,Problem Solving,Mathematics
88735,Digital Marketing,Business
88735,Project Management,Business
88735,Creative Writing,Literature
24026,Project Management,Business
71384,Data Analysis,Statistics
71384,Marketing,Business
71384,Creative Writing,Literature
71384,Problem Solving,Mathematics
71384,Programming,Computer Science
24122,Marketing,Business
24122,Project Management,Business
24122,Creative Writing,Literature
24122,Web Development,Computer Science
14406,Data Analysis,Statistics
14406,Marketing,Business
14406,Project Management,Business
867,Problem Solving,Mathematics
1829,Public Speaking,Communication
1829,Creative Writing,Literature
51950,Graphic Design,Design
51950,Data Analysis,Statistics
51950,Marketing,Business
51950,Creative Writing,Literature
51950,Problem Solving,Mathematics
84868,Marketing,Business
65081,Data Analysis,Statistics
65081,Creative Writing,Literature
65081,Programming,Computer Science
41945,Marketing,Business
18189,Data Analysis,Statistics
18189,Digital Marketing,Business
18189,Programming,Computer Science
88627,Graphic Design,Design
88627,Public Speaking,Communication
88627,Creative Writing,Literature
88627,Web Development,Computer Science
66729,Marketing,Business
66729,Project Management,Business
66729,Creative Writing,Literature
72628,Problem Solving,Mathematics
72628,Digital Marketing,Business
72628,Creative Writing,Literature
92859,Graphic Design,Design
92859,Data Analysis,Statistics
92859,Creative Writing,Literature
92859,Problem Solving,Mathematics
92859,Web Development,Computer Science
87057,Problem Solving,Mathematics
87057,Public Speaking,Communication
87057,Web Development,Computer Science
70887,Problem Solving,Mathematics
70887,Graphic Design,Design
58470,Digital Marketing,Business
58470,Graphic Design,Design
58470,Marketing,Business
58470,Programming,Computer Science
88193,Graphic Design,Design
88193,Creative Writing,Literature
15547,Creative Writing,Literature
27910,Problem Solving,Mathematics
27910,Project Management,Business
27910,Web Development,Computer Science
93288,Digital Marketing,Business
93288,Marketing,Business
68600,Data Analysis,Statistics
68600,Problem Solving,Mathematics
68600,Creative Writing,Literature
68600,Programming,Computer Science
80040,Project Management,Business
80040,Programming,Computer Science
89867,Data Analysis,Statistics
89867,Creative Writing,Literature
15430,Problem Solving,Mathematics
15430,Graphic Design,Design
15430,Public Speaking,Communication
58776,Data Analysis,Statistics
58776,Graphic Design,Design
58776,Programming,Computer Science
20927,Data Analysis,Statistics
20927,Problem Solving,Mathematics
20927,Project Management,Business
20927,Programming,Computer Science
46604,Data Analysis,Statistics
46604,Web Development,Computer Science
76673,Problem Solving,Mathematics
76673,Project Management,Business
76673,Public Speaking,Communication
83064,Public Speaking,Communication
83064,Web Development,Computer Science
63170,Public Speaking,Communication
63170,Web Development,Computer Science
38285,Graphic Design,Design
38285,Marketing,Business
38285,Programming,Computer Science
4564,Project Management,Business
4564,Public Speaking,Communication
4564,Web Development,Computer Science
59639,Data Analysis,Statistics
59639,Digital Marketing,Business
89369,Data Analysis,Statistics
89369,Digital Marketing,Business
89369,Marketing,Business
89369,Web Development,Computer Science
28738,Creative Writing,Literature
28738,Programming,Computer Science
47416,Problem Solving,Mathematics
47416,Digital Marketing,Business
47416,Creative Writing,Literature
71893,Project Management,Business
71893,Public Speaking,Communication
90186,Web Development,Computer Science
45996,Data Analysis,Statistics
45996,Digital Marketing,Business
45996,Public Speaking,Communication
45996,Programming,Computer Science
29489,Data Analysis,Statistics
29489,Digital Marketing,Business
29489,Graphic Design,Design
29489,Programming,Computer Science
35509,Graphic Design,Design
35509,Digital Marketing,Business
35509,Marketing,Business
35509,Project Management,Business
56119,Data Analysis,Statistics
56119,Digital Marketing,Business
56119,Project Management,Business
56119,Web Development,Computer Science
44565,Creative Writing,Literature
61626,Digital Marketing,Business
61626,Public Speaking,Communication
61626,Creative Writing,Literature
61626,Programming,Computer Science
95789,Public Speaking,Communication
49130,Digital Marketing,Business
20811,Programming,Computer Science
60367,Marketing,Business
27600,Digital Marketing,Business
27600,Marketing,Business
27600,Public Speaking,Communication
27600,Creative Writing,Literature
45164,Marketing,Business
45164,Problem Solving,Mathematics
45164,Project Management,Business
45164,Public Speaking,Communication
45164,Programming,Computer Science
3356,Digital Marketing,Business
3356,Graphic Design,Design
3356,Public Speaking,Communication
3356,Programming,Computer Science
64551,Problem Solving,Mathematics
64551,Programming,Computer Science
91346,Problem Solving,Mathematics
91346,Creative Writing,Literature
38407,Programming,Computer Science
12720,Digital Marketing,Business
12720,Public Speaking,Communication
86064,Data Analysis,Statistics
86064,Marketing,Business
86064,Public Speaking,Communication
86064,Web Development,Computer Science
15092,Data Analysis,Statistics
15092,Public Speaking,Communication
15092,Programming,Computer Science
43041,Project Management,Business
43041,Programming,Computer Science
46971,Problem Solving,Mathematics
46971,Project Management,Business
46971,Digital Marketing,Business
46971,Public Speaking,Communication
46971,Programming,Computer Science
24840,Digital Marketing,Business
24840,Project Management,Business
24840,Programming,Computer Science
96580,Project Management,Business
96580,Creative Writing,Literature
11909,Problem Solving,Mathematics
11909,Web Development,Computer Science
77348,Digital Marketing,Business
77348,Marketing,Business
44997,Problem Solving,Mathematics
44997,Digital Marketing,Business
44997,Marketing,Business
44997,Creative Writing,Literature
65802,Digital Marketing,Business
65802,Graphic Design,Design
65802,Creative Writing,Literature
65802,Programming,Computer Science
1337,Data Analysis,Statistics
1337,Problem Solving,Mathematics
1337,Graphic Design,Design
1337,Web Development,Computer Science
21632,Marketing,Business
80727,Data Analysis,Statistics
80727,Project Management,Business
80727,Web Development,Computer Science
410,Creative Writing,Literature
39865,Creative Writing,Literature
75715,Data Analysis,Statistics
75715,Digital Marketing,Business
75715,Project Management,Business
75715,Public Speaking,Communication
16421,Problem Solving,Mathematics
16421,Graphic Design,Design
16421,Project Management,Business
48397,Problem Solving,Mathematics
48397,Marketing,Business
48397,Project Management,Business
46051,Problem Solving,Mathematics
46051,Marketing,Business
46051,Public Speaking,Communication
46051,Creative Writing,Literature
98349,Data Analysis,Statistics
98349,Public Speaking,Communication
98349,Web Development,Computer Science
39074,Project Management,Business
39074,Web Development,Computer Science
70078,Graphic Design,Design
92769,Digital Marketing,Business
93772,Graphic Design,Design
93772,Programming,Computer Science
91477,Public Speaking,Communication
91477,Programming,Computer Science
12549,Programming,Computer Science
62104,Problem Solving,Mathematics
62104,Public Speaking,Communication
4811,Graphic Design,Design
4811,Project Management,Business
4811,Creative Writing,Literature
53298,Marketing,Business
53298,Project Management,Business
53298,Creative Writing,Literature
53298,Programming,Computer Science
96231,Graphic Design,Design
96231,Marketing,Business
96231,Creative Writing,Literature
96231,Problem Solving,Mathematics
96231,Programming,Computer Science
30981,Data Analysis,Statistics
30981,Problem Solving,Mathematics
30981,Project Management,Business
30981,Web Development,Computer Science
30981,Public Speaking,Communication
94046,Programming,Computer Science
84822,Data Analysis,Statistics
84822,Problem Solving,Mathematics
84822,Public Speaking,Communication
84822,Creative Writing,Literature
26833,Problem Solving,Mathematics
26833,Digital Marketing,Business
26833,Creative Writing,Literature
26833,Programming,Computer Science
1167,Problem Solving,Mathematics
1167,Graphic Design,Design
1167,Public Speaking,Communication
1167,Programming,Computer Science
46362,Graphic Design,Design
46362,Public Speaking,Communication
46362,Programming,Computer Science
96276,Web Development,Computer Science
96276,Project Management,Business
96276,Creative Writing,Literature
96276,Programming,Computer Science
27262,Public Speaking,Communication
27262,Creative Writing,Literature
63261,Problem Solving,Mathematics
63261,Project Management,Business
63261,Creative Writing,Literature
63261,Programming,Computer Science
9024,Data Analysis,Statistics
9024,Project Management,Business
9024,Web Development,Computer Science
41438,Graphic Design,Design
41438,Digital Marketing,Business
41438,Public Speaking,Communication
95639,Web Development,Computer Science
95639,Programming,Computer Science
53689,Public Speaking,Communication
53689,Web Development,Computer Science
25213,Data Analysis,Statistics
25213,Digital Marketing,Business
25213,Marketing,Business
25357,Problem Solving,Mathematics
25357,Public Speaking,Communication
64957,Marketing,Business
97482,Data Analysis,Statistics
97482,Creative Writing,Literature
97482,Problem Solving,Mathematics
97482,Project Management,Business
97482,Programming,Computer Science
10381,Marketing,Business
10381,Programming,Computer Science
34537,Digital Marketing,Business
34537,Marketing,Business
34537,Public Speaking,Communication
10020,Programming,Computer Science
56942,Data Analysis,Statistics
56942,Problem Solving,Mathematics
56942,Public Speaking,Communication
58819,Data Analysis,Statistics
58819,Marketing,Business
58819,Creative Writing,Literature
58819,Web Development,Computer Science
96091,Creative Writing,Literature
96091,Programming,Computer Science
72103,Data Analysis,Statistics
72103,Problem Solving,Mathematics
72103,Digital Marketing,Business
72103,Marketing,Business
2448,Graphic Design,Design
2448,Public Speaking,Communication
2448,Web Development,Computer Science
5963,Problem Solving,Mathematics
5963,Graphic Design,Design
5963,Project Management,Business
55416,Marketing,Business
55416,Public Speaking,Communication
55416,Web Development,Computer Science
33368,Graphic Design,Design
33368,Marketing,Business
33368,Public Speaking,Communication
33368,Programming,Computer Science
36119,Data Analysis,Statistics
36119,Problem Solving,Mathematics
36119,Project Management,Business
36119,Web Development,Computer Science
31179,Digital Marketing,Business
31179,Creative Writing,Literature
94543,Digital Marketing,Business
94543,Web Development,Computer Science
44161,Data Analysis,Statistics
44161,Graphic Design,Design
27592,Project Management,Business
80990,Problem Solving,Mathematics
80990,Digital Marketing,Business
80990,Public Speaking,Communication
73937,Problem Solving,Mathematics
73937,Web Development,Computer Science
16689,Marketing,Business
16689,Public Speaking,Communication
29358,Problem Solving,Mathematics
29358,Graphic Design,Design
43806,Marketing,Business
43806,Project Management,Business
43806,Web Development,Computer Science
53,Project Management,Business
53,Public Speaking,Communication
23523,Problem Solving,Mathematics
23523,Digital Marketing,Business
23523,Creative Writing,Literature
80254,Problem Solving,Mathematics
80254,Creative Writing,Literature
84251,Problem Solving,Mathematics
84251,Programming,Computer Science
95180,Digital Marketing,Business
95180,Marketing,Business
89505,Creative Writing,Literature
2829,Data Analysis,Statistics
2829,Graphic Design,Design
2829,Public Speaking,Communication
2829,Creative Writing,Literature
369,Problem Solving,Mathematics
369,Graphic Design,Design
3267,Data Analysis,Statistics
21427,Digital Marketing,Business
21427,Web Development,Computer Science
73211,Data Analysis,Statistics
17606,Graphic Design,Design
17606,Public Speaking,Communication
17606,Web Development,Computer Science
56250,Problem Solving,Mathematics
56250,Graphic Design,Design
56250,Marketing,Business
56250,Project Management,Business
17717,Graphic Design,Design
17717,Digital Marketing,Business
17717,Public Speaking,Communication
84958,Digital Marketing,Business
75327,Graphic Design,Design
75327,Project Management,Business
75327,Programming,Computer Science
74497,Programming,Computer Science
36608,Data Analysis,Statistics
36608,Graphic Design,Design
36608,Programming,Computer Science
69785,Marketing,Business
69785,Project Management,Business
69785,Digital Marketing,Business
69785,Public Speaking,Communication
69785,Programming,Computer Science
19208,Data Analysis,Statistics
19208,Problem Solving,Mathematics
43604,Data Analysis,Statistics
43604,Problem Solving,Mathematics
43604,Marketing,Business
43604,Project Management,Business
63837,Data Analysis,Statistics
63837,Project Management,Business
63837,Web Development,Computer Science
32118,Problem Solving,Mathematics
32118,Digital Marketing,Business
45644,Marketing,Business
61793,Graphic Design,Design
61793,Public Speaking,Communication
87370,Data Analysis,Statistics
87370,Project Management,Business
87370,Programming,Computer Science
57857,Creative Writing,Literature
57857,Programming,Computer Science
46123,Data Analysis,Statistics
46123,Graphic Design,Design
12915,Data Analysis,Statistics
12915,Public Speaking,Communication
12915,Creative Writing,Literature
12915,Web Development,Computer Science
52463,Problem Solving,Mathematics
61856,Problem Solving,Mathematics
61856,Project Management,Business
61856,Programming,Computer Science
68315,Problem Solving,Mathematics
68315,Digital Marketing,Business
68315,Web Development,Computer Science
7721,Data Analysis,Statistics
7721,Digital Marketing,Business
7721,Graphic Design,Design
7721,Creative Writing,Literature
77609,Public Speaking,Communication
59686,Public Speaking,Communication
59686,Programming,Computer Science
51932,Digital Marketing,Business
51932,Graphic Design,Design
4215,Marketing,Business
4215,Creative Writing,Literature
31794,Problem Solving,Mathematics
56898,Public Speaking,Communication
56898,Web Development,Computer Science
7585,Data Analysis,Statistics
7585,Digital Marketing,Business
7585,Public Speaking,Communication
7585,Creative Writing,Literature
25408,Data Analysis,Statistics
25408,Digital Marketing,Business
25408,Public Speaking,Communication
71636,Problem Solving,Mathematics
71636,Programming,Computer Science
18682,Data Analysis,Statistics
18682,Problem Solving,Mathematics
18682,Digital Marketing,Business
18682,Marketing,Business
30691,Programming,Computer Science
83692,Problem Solving,Mathematics
83692,Marketing,Business
50467,Digital Marketing,Business
50467,Web Development,Computer Science
23103,Data Analysis,Statistics
57936,Graphic Design,Design
57936,Marketing,Business
57936,Public Speaking,Communication
57936,Creative Writing,Literature
96389,Web Development,Computer Science
96389,Public Speaking,Communication
96389,Programming,Computer Science
28339,Programming,Computer Science
28339,Project Management,Business
28339,Web Development,Computer Science
58958,Problem Solving,Mathematics
58958,Digital Marketing,Business
58958,Programming,Computer Science
22988,Data Analysis,Statistics
22988,Public Speaking,Communication
22988,Creative Writing,Literature
22988,Programming,Computer Science
44758,Creative Writing,Literature
44758,Project Management,Business
44758,Web Development,Computer Science
44758,Digital Marketing,Business
44758,Programming,Computer Science
33900,Marketing,Business
33900,Programming,Computer Science
20699,Problem Solving,Mathematics
20699,Marketing,Business
20699,Project Management,Business
20512,Web Development,Computer Science
57607,Data Analysis,Statistics
57607,Marketing,Business
57607,Project Management,Business
32021,Public Speaking,Communication
32021,Programming,Computer Science
75009,Data Analysis,Statistics
75009,Marketing,Business
75009,Creative Writing,Literature
47260,Data Analysis,Statistics
47260,Creative Writing,Literature
8517,Data Analysis,Statistics
8517,Marketing,Business
8517,Public Speaking,Communication
8517,Programming,Computer Science
75371,Data Analysis,Statistics
21630,Programming,Computer Science
21367,Problem Solving,Mathematics
21367,Programming,Computer Science
7966,Data Analysis,Statistics
7966,Digital Marketing,Business
7966,Marketing,Business
7966,Programming,Computer Science
11512,Graphic Design,Design
11512,Web Development,Computer Science
39138,Digital Marketing,Business
39138,Marketing,Business
39138,Programming,Computer Science
100000,Problem Solving,Mathematics
100000,Project Management,Business
100000,Public Speaking,Communication
3348,Data Analysis,Statistics
3348,Marketing,Business
3348,Public Speaking,Communication
1881,Programming,Computer Science
74347,Digital Marketing,Business
74347,Creative Writing,Literature
74347,Web Development,Computer Science
93634,Graphic Design,Design
93634,Data Analysis,Statistics
93634,Web Development,Computer Science
93634,Digital Marketing,Business
93634,Programming,Computer Science
70011,Digital Marketing,Business
70011,Project Management,Business
70011,Creative Writing,Literature
70011,Programming,Computer Science
70380,Graphic Design,Design
70380,Project Management,Business
70380,Public Speaking,Communication
34444,Data Analysis,Statistics
34444,Graphic Design,Design
38496,Data Analysis,Statistics
38496,Web Development,Computer Science
38496,Project Management,Business
38496,Programming,Computer Science
40560,Data Analysis,Statistics
40560,Problem Solving,Mathematics
40560,Marketing,Business
66749,Problem Solving,Mathematics
66749,Graphic Design,Design
66749,Creative Writing,Literature
27652,Public Speaking,Communication
29682,Data Analysis,Statistics
29682,Problem Solving,Mathematics
29682,Digital Marketing,Business
12311,Project Management,Business
54697,Marketing,Business
54697,Public Speaking,Communication
54697,Creative Writing,Literature
20104,Public Speaking,Communication
20104,Creative Writing,Literature
20104,Web Development,Computer Science
10423,Data Analysis,Statistics
10423,Graphic Design,Design
10423,Marketing,Business
80755,Problem Solving,Mathematics
80755,Graphic Design,Design
80755,Marketing,Business
80755,Public Speaking,Communication
59956,Marketing,Business
59956,Creative Writing,Literature
59956,Project Management,Business
59956,Digital Marketing,Business
59956,Programming,Computer Science
25047,Graphic Design,Design
25047,Marketing,Business
25047,Web Development,Computer Science
27916,Problem Solving,Mathematics
27916,Creative Writing,Literature
27916,Programming,Computer Science
19976,Marketing,Business
19976,Web Development,Computer Science
19976,Digital Marketing,Business
19976,Public Speaking,Communication
19976,Programming,Computer Science
92302,Problem Solving,Mathematics
92302,Project Management,Business
27402,Digital Marketing,Business
27402,Marketing,Business
27402,Programming,Computer Science
60986,Programming,Computer Science
60986,Digital Marketing,Business
60986,Project Management,Business
60986,Web Development,Computer Science
40472,Graphic Design,Design
40472,Marketing,Business
40472,Project Management,Business
40472,Web Development,Computer Science
81320,Data Analysis,Statistics
81320,Problem Solving,Mathematics
81320,Project Management,Business
81320,Public Speaking,Communication
85571,Data Analysis,Statistics
85571,Problem Solving,Mathematics
85571,Marketing,Business
90027,Public Speaking,Communication
90027,Web Development,Computer Science
13738,Project Management,Business
13738,Creative Writing,Literature
13738,Programming,Computer Science
29514,Graphic Design,Design
29514,Problem Solving,Mathematics
29514,Digital Marketing,Business
29514,Public Speaking,Communication
29514,Programming,Computer Science
15649,Graphic Design,Design
15649,Project Management,Business
99974,Problem Solving,Mathematics
99974,Project Management,Business
99974,Web Development,Computer Science
17464,Web Development,Computer Science
17464,Public Speaking,Communication
17464,Programming,Computer Science
97128,Problem Solving,Mathematics
36814,Creative Writing,Literature
90990,Digital Marketing,Business
18094,Data Analysis,Statistics
18094,Problem Solving,Mathematics
18094,Project Management,Business
18094,Public Speaking,Communication
20988,Problem Solving,Mathematics
20988,Web Development,Computer Science
20988,Programming,Computer Science
15424,Problem Solving,Mathematics
15424,Marketing,Business
15424,Creative Writing,Literature
22897,Graphic Design,Design
22897,Public Speaking,Communication
22897,Creative Writing,Literature
22897,Programming,Computer Science
82523,Graphic Design,Design
41054,Data Analysis,Statistics
41054,Programming,Computer Science
93426,Public Speaking,Communication
89607,Graphic Design,Design
89607,Digital Marketing,Business
89607,Marketing,Business
29321,Project Management,Business
29321,Public Speaking,Communication
26023,Data Analysis,Statistics
26023,Problem Solving,Mathematics
26023,Project Management,Business
26023,Programming,Computer Science
89229,Problem Solving,Mathematics
42398,Digital Marketing,Business
42398,Project Management,Business
42398,Public Speaking,Communication
88348,Data Analysis,Statistics
88348,Marketing,Business
88348,Project Management,Business
88348,Web Development,Computer Science
88348,Programming,Computer Science
66122,Data Analysis,Statistics
57993,Data Analysis,Statistics
92413,Data Analysis,Statistics
92413,Digital Marketing,Business
92413,Project Management,Business
36551,Graphic Design,Design
19791,Graphic Design,Design
19791,Marketing,Business
19791,Digital Marketing,Business
19791,Public Speaking,Communication
19791,Programming,Computer Science
28599,Public Speaking,Communication
57958,Programming,Computer Science
29402,Graphic Design,Design
29402,Data Analysis,Statistics
29402,Marketing,Business
29402,Project Management,Business
29402,Digital Marketing,Business
88198,Programming,Computer Science
88198,Creative Writing,Literature
88198,Web Development,Computer Science
30232,Digital Marketing,Business
30232,Creative Writing,Literature
82313,Problem Solving,Mathematics
82313,Creative Writing,Literature
82313,Programming,Computer Science
70310,Graphic Design,Design
70310,Marketing,Business
70310,Creative Writing,Literature
46459,Graphic Design,Design
46459,Marketing,Business
46459,Problem Solving,Mathematics
46459,Web Development,Computer Science
46459,Programming,Computer Science
75866,Data Analysis,Statistics
75866,Problem Solving,Mathematics
74614,Data Analysis,Statistics
74614,Graphic Design,Design
74614,Digital Marketing,Business
74614,Project Management,Business
85191,Data Analysis,Statistics
85191,Digital Marketing,Business
85191,Marketing,Business
85191,Public Speaking,Communication
53474,Marketing,Business
53474,Project Management,Business
53474,Public Speaking,Communication
79131,Digital Marketing,Business
79131,Public Speaking,Communication
7470,Digital Marketing,Business
7470,Graphic Design,Design
7470,Public Speaking,Communication
7731,Graphic Design,Design
7731,Creative Writing,Literature
7731,Web Development,Computer Science
7731,Digital Marketing,Business
7731,Public Speaking,Communication
51663,Digital Marketing,Business
51663,Web Development,Computer Science
51663,Project Management,Business
51663,Programming,Computer Science
99574,Marketing,Business
99574,Web Development,Computer Science
46919,Problem Solving,Mathematics
46919,Creative Writing,Literature
46919,Web Development,Computer Science
67176,Data Analysis,Statistics
67176,Programming,Computer Science
72155,Digital Marketing,Business
72155,Project Management,Business
33247,Digital Marketing,Business
33247,Graphic Design,Design
33247,Marketing,Business
17765,Creative Writing,Literature
64528,Marketing,Business
64528,Project Management,Business
64528,Public Speaking,Communication
64528,Creative Writing,Literature
85954,Marketing,Business
85954,Creative Writing,Literature
85954,Project Management,Business
85954,Public Speaking,Communication
85954,Programming,Computer Science
3404,Creative Writing,Literature
3404,Programming,Computer Science
66732,Digital Marketing,Business
34770,Data Analysis,Statistics
34770,Marketing,Business
34770,Project Management,Business
51756,Data Analysis,Statistics
51756,Digital Marketing,Business
51756,Graphic Design,Design
51756,Programming,Computer Science
97130,Data Analysis,Statistics
97130,Problem Solving,Mathematics
97130,Graphic Design,Design
97130,Marketing,Business
58926,Marketing,Business
58926,Creative Writing,Literature
38913,Marketing,Business
38913,Public Speaking,Communication
38913,Programming,Computer Science
89499,Digital Marketing,Business
89499,Marketing,Business
89499,Web Development,Computer Science
25070,Data Analysis,Statistics
94334,Project Management,Business
60229,Graphic Design,Design
60229,Web Development,Computer Science
60229,Project Management,Business
60229,Programming,Computer Science
81199,Data Analysis,Statistics
81199,Digital Marketing,Business
81199,Web Development,Computer Science
52977,Digital Marketing,Business
52977,Project Management,Business
96892,Marketing,Business
63603,Graphic Design,Design
63603,Marketing,Business
63603,Web Development,Computer Science
93040,Data Analysis,Statistics
93040,Marketing,Business
56124,Marketing,Business
56124,Project Management,Business
56124,Programming,Computer Science
55624,Graphic Design,Design
55624,Creative Writing,Literature
55624,Problem Solving,Mathematics
55624,Web Development,Computer Science
55624,Programming,Computer Science
1957,Public Speaking,Communication
92174,Web Development,Computer Science
1532,Graphic Design,Design
1532,Data Analysis,Statistics
1532,Creative Writing,Literature
1532,Problem Solving,Mathematics
1532,Web Development,Computer Science
99146,Data Analysis,Statistics
99146,Digital Marketing,Business
99146,Web Development,Computer Science
82419,Creative Writing,Literature
26118,Project Management,Business
39223,Problem Solving,Mathematics
23273,Marketing,Business
23273,Creative Writing,Literature
23273,Programming,Computer Science
53735,Graphic Design,Design
86976,Graphic Design,Design
79095,Data Analysis,Statistics
29366,Programming,Computer Science
29366,Web Development,Computer Science
61903,Problem Solving,Mathematics
61903,Marketing,Business
61903,Web Development,Computer Science
12310,Public Speaking,Communication
12310,Web Development,Computer Science
61748,Problem Solving,Mathematics
61748,Marketing,Business
61748,Project Management,Business
94403,Programming,Computer Science
3602,Data Analysis,Statistics
3602,Creative Writing,Literature
3602,Web Development,Computer Science
3602,Digital Marketing,Business
3602,Public Speaking,Communication
21206,Data Analysis,Statistics
21206,Creative Writing,Literature
21206,Problem Solving,Mathematics
21206,Project Management,Business
21206,Web Development,Computer Science
37793,Problem Solving,Mathematics
37793,Graphic Design,Design
37793,Programming,Computer Science
37793,Web Development,Computer Science
78667,Public Speaking,Communication
78667,Creative Writing,Literature
78667,Web Development,Computer Science
34637,Graphic Design,Design
34637,Data Analysis,Statistics
34637,Project Management,Business
34637,Digital Marketing,Business
34637,Programming,Computer Science
58818,Digital Marketing,Business
30656,Marketing,Business
30656,Public Speaking,Communication
30656,Programming,Computer Science
64763,Data Analysis,Statistics
64763,Marketing,Business
64763,Creative Writing,Literature
50541,Digital Marketing,Business
80255,Marketing,Business
80255,Web Development,Computer Science
54772,Data Analysis,Statistics
54772,Digital Marketing,Business
54772,Public Speaking,Communication
54772,Programming,Computer Science
839,Project Management,Business
23994,Graphic Design,Design
23994,Project Management,Business
23994,Public Speaking,Communication
66006,Problem Solving,Mathematics
66006,Public Speaking,Communication
20294,Graphic Design,Design
66876,Problem Solving,Mathematics
66876,Web Development,Computer Science
66876,Public Speaking,Communication
66876,Programming,Computer Science
89004,Creative Writing,Literature
14018,Data Analysis,Statistics
77384,Marketing,Business
77384,Public Speaking,Communication
77384,Programming,Computer Science
41439,Graphic Design,Design
41439,Marketing,Business
41439,Web Development,Computer Science
30183,Project Management,Business
30183,Public Speaking,Communication
30183,Creative Writing,Literature
19796,Data Analysis,Statistics
19796,Problem Solving,Mathematics
19796,Web Development,Computer Science
87006,Digital Marketing,Business
9772,Problem Solving,Mathematics
9772,Marketing,Business
91687,Marketing,Business
91687,Public Speaking,Communication
38695,Web Development,Computer Science
38695,Creative Writing,Literature
38695,Programming,Computer Science
56861,Digital Marketing,Business
30599,Graphic Design,Design
30599,Public Speaking,Communication
30599,Creative Writing,Literature
45142,Data Analysis,Statistics
45142,Marketing,Business
45142,Project Management,Business
45142,Web Development,Computer Science
66404,Marketing,Business
66404,Public Speaking,Communication
66404,Programming,Computer Science
80384,Graphic Design,Design
80384,Web Development,Computer Science
80384,Project Management,Business
80384,Programming,Computer Science
53567,Problem Solving,Mathematics
53567,Digital Marketing,Business
53567,Creative Writing,Literature
53567,Web Development,Computer Science
31707,Data Analysis,Statistics
31707,Graphic Design,Design
31707,Project Management,Business
2329,Data Analysis,Statistics
2329,Marketing,Business
2329,Public Speaking,Communication
91507,Digital Marketing,Business
91507,Graphic Design,Design
91507,Problem Solving,Mathematics
5451,Graphic Design,Design
81324,Data Analysis,Statistics
81324,Digital Marketing,Business
81324,Marketing,Business
81324,Web Development,Computer Science
8958,Data Analysis,Statistics
68553,Data Analysis,Statistics
68553,Marketing,Business
68553,Programming,Computer Science
94686,Creative Writing,Literature
80742,Problem Solving,Mathematics
80742,Graphic Design,Design
80742,Project Management,Business
80742,Public Speaking,Communication
93871,Problem Solving,Mathematics
93871,Project Management,Business
93871,Programming,Computer Science
46989,Project Management,Business
46989,Web Development,Computer Science
88054,Public Speaking,Communication
88054,Web Development,Computer Science
83040,Marketing,Business
83040,Creative Writing,Literature
83040,Problem Solving,Mathematics
83040,Project Management,Business
83040,Public Speaking,Communication
5806,Digital Marketing,Business
19912,Marketing,Business
8310,Problem Solving,Mathematics
8310,Web Development,Computer Science
34876,Data Analysis,Statistics
34876,Graphic Design,Design
34876,Marketing,Business
34876,Programming,Computer Science
44736,Digital Marketing,Business
44736,Project Management,Business
44736,Creative Writing,Literature
44736,Programming,Computer Science
58925,Graphic Design,Design
58925,Marketing,Business
58925,Project Management,Business
58925,Creative Writing,Literature
31987,Graphic Design,Design
31987,Marketing,Business
31987,Public Speaking,Communication
31987,Creative Writing,Literature
51431,Graphic Design,Design
51431,Creative Writing,Literature
15881,Digital Marketing,Business
15881,Web Development,Computer Science
15881,Creative Writing,Literature
15881,Programming,Computer Science
56540,Project Management,Business
56540,Web Development,Computer Science
72817,Digital Marketing,Business
72817,Project Management,Business
72817,Programming,Computer Science
37585,Graphic Design,Design
37585,Data Analysis,Statistics
37585,Digital Marketing,Business
37585,Public Speaking,Communication
37585,Programming,Computer Science
68277,Graphic Design,Design
68277,Project Management,Business
68277,Public Speaking,Communication
4738,Digital Marketing,Business
4738,Web Development,Computer Science
4738,Public Speaking,Communication
4738,Programming,Computer Science
84987,Graphic Design,Design
84987,Digital Marketing,Business
84987,Project Management,Business
84987,Web Development,Computer Science
41236,Digital Marketing,Business
41236,Creative Writing,Literature
64899,Problem Solving,Mathematics
11086,Digital Marketing,Business
11086,Public Speaking,Communication
50695,Problem Solving,Mathematics
50695,Creative Writing,Literature
50695,Web Development,Computer Science
61010,Digital Marketing,Business
61010,Creative Writing,Literature
75281,Problem Solving,Mathematics
75281,Graphic Design,Design
75281,Creative Writing,Literature
75281,Web Development,Computer Science
21558,Graphic Design,Design
21558,Digital Marketing,Business
21558,Creative Writing,Literature
51642,Graphic Design,Design
51642,Marketing,Business
72763,Marketing,Business
72763,Public Speaking,Communication
72763,Web Development,Computer Science
25281,Digital Marketing,Business
25281,Programming,Computer Science
82567,Data Analysis,Statistics
82567,Marketing,Business
82567,Project Management,Business
82567,Digital Marketing,Business
82567,Public Speaking,Communication
42733,Graphic Design,Design
42733,Creative Writing,Literature
42733,Problem Solving,Mathematics
42733,Project Management,Business
42733,Web Development,Computer Science
65184,Data Analysis,Statistics
73062,Data Analysis,Statistics
73062,Creative Writing,Literature
73062,Programming,Computer Science
4627,Data Analysis,Statistics
4627,Digital Marketing,Business
4627,Project Management,Business
4627,Public Speaking,Communication
96867,Marketing,Business
96867,Creative Writing,Literature
96867,Problem Solving,Mathematics
96867,Project Management,Business
96867,Programming,Computer Science
46445,Marketing,Business
46445,Project Management,Business
46445,Public Speaking,Communication
46445,Programming,Computer Science
76335,Marketing,Business
42785,Data Analysis,Statistics
42785,Digital Marketing,Business
42785,Public Speaking,Communication
42785,Web Development,Computer Science
55211,Problem Solving,Mathematics
55211,Marketing,Business
55211,Public Speaking,Communication
55211,Web Development,Computer Science
85756,Public Speaking,Communication
85756,Creative Writing,Literature
85756,Programming,Computer Science
66054,Graphic Design,Design
30927,Project Management,Business
9972,Creative Writing,Literature
38984,Data Analysis,Statistics
38984,Problem Solving,Mathematics
38984,Digital Marketing,Business
38984,Project Management,Business
44610,Problem Solving,Mathematics
44610,Web Development,Computer Science
90140,Graphic Design,Design
90140,Project Management,Business
90140,Public Speaking,Communication
85676,Digital Marketing,Business
85676,Graphic Design,Design
85676,Marketing,Business
85676,Creative Writing,Literature
55252,Programming,Computer Science
51170,Data Analysis,Statistics
51170,Digital Marketing,Business
51170,Public Speaking,Communication
51170,Programming,Computer Science
22491,Digital Marketing,Business
22491,Public Speaking,Communication
22491,Creative Writing,Literature
32589,Data Analysis,Statistics
32589,Graphic Design,Design
31450,Graphic Design,Design
31450,Data Analysis,Statistics
31450,Problem Solving,Mathematics
31450,Project Management,Business
31450,Programming,Computer Science
82334,Problem Solving,Mathematics
82334,Project Management,Business
82334,Programming,Computer Science
95600,Creative Writing,Literature
95600,Programming,Computer Science
8906,Problem Solving,Mathematics
92884,Data Analysis,Statistics
92884,Problem Solving,Mathematics
92884,Digital Marketing,Business
79991,Digital Marketing,Business
79991,Marketing,Business
79991,Project Management,Business
79991,Web Development,Computer Science
9948,Graphic Design,Design
9948,Digital Marketing,Business
9948,Public Speaking,Communication
87068,Creative Writing,Literature
60176,Data Analysis,Statistics
60176,Graphic Design,Design
60176,Creative Writing,Literature
60176,Web Development,Computer Science
76451,Project Management,Business
70718,Data Analysis,Statistics
70718,Marketing,Business
69070,Project Management,Business
52150,Data Analysis,Statistics
52150,Graphic Design,Design
52150,Marketing,Business
52150,Programming,Computer Science
54189,Digital Marketing,Business
54189,Project Management,Business
54189,Creative Writing,Literature
54189,Web Development,Computer Science
68531,Graphic Design,Design
68531,Marketing,Business
68531,Public Speaking,Communication
68531,Creative Writing,Literature
24056,Problem Solving,Mathematics
24056,Creative Writing,Literature
71083,Digital Marketing,Business
71083,Graphic Design,Design
6883,Problem Solving,Mathematics
6883,Creative Writing,Literature
6883,Programming,Computer Science
23705,Project Management,Business
23705,Web Development,Computer Science
85379,Programming,Computer Science
48106,Graphic Design,Design
48106,Project Management,Business
48106,Programming,Computer Science
73570,Marketing,Business
73570,Project Management,Business
44967,Problem Solving,Mathematics
44967,Graphic Design,Design
44967,Web Development,Computer Science
57112,Project Management,Business
57112,Creative Writing,Literature
68817,Graphic Design,Design
47437,Data Analysis,Statistics
47437,Project Management,Business
61409,Problem Solving,Mathematics
61409,Public Speaking,Communication
61409,Creative Writing,Literature
23108,Data Analysis,Statistics
23108,Project Management,Business
23108,Public Speaking,Communication
47904,Data Analysis,Statistics
47904,Problem Solving,Mathematics
47904,Public Speaking,Communication
47904,Programming,Computer Science
34164,Data Analysis,Statistics
34164,Graphic Design,Design
34164,Digital Marketing,Business
34164,Project Management,Business
30163,Programming,Computer Science
30163,Project Management,Business
30163,Web Development,Computer Science
13906,Graphic Design,Design
13906,Project Management,Business
94359,Data Analysis,Statistics
94359,Graphic Design,Design
94359,Public Speaking,Communication
94359,Programming,Computer Science
95050,Data Analysis,Statistics
95050,Digital Marketing,Business
36579,Data Analysis,Statistics
37488,Programming,Computer Science
54338,Web Development,Computer Science
22138,Data Analysis,Statistics
22138,Problem Solving,Mathematics
82888,Graphic Design,Design
82888,Creative Writing,Literature
82888,Web Development,Computer Science
48775,Problem Solving,Mathematics
48775,Digital Marketing,Business
48775,Creative Writing,Literature
80386,Project Management,Business
80386,Public Speaking,Communication
80386,Web Development,Computer Science
70706,Digital Marketing,Business
70706,Public Speaking,Communication
70706,Creative Writing,Literature
73796,Problem Solving,Mathematics
73796,Programming,Computer Science
73796,Web Development,Computer Science
52364,Data Analysis,Statistics
52364,Graphic Design,Design
52364,Digital Marketing,Business
10060,Problem Solving,Mathematics
10060,Web Development,Computer Science
62543,Data Analysis,Statistics
62543,Graphic Design,Design
62543,Public Speaking,Communication
62543,Web Development,Computer Science
87582,Data Analysis,Statistics
87582,Graphic Design,Design
87582,Digital Marketing,Business
87582,Programming,Computer Science
1158,Data Analysis,Statistics
1158,Marketing,Business
1158,Public Speaking,Communication
1158,Web Development,Computer Science
6474,Data Analysis,Statistics
6474,Programming,Computer Science
6474,Web Development,Computer Science
11226,Problem Solving,Mathematics
11226,Digital Marketing,Business
11226,Project Management,Business
11226,Public Speaking,Communication
58060,Data Analysis,Statistics
58060,Problem Solving,Mathematics
58060,Marketing,Business
58060,Public Speaking,Communication
84249,Problem Solving,Mathematics
84249,Digital Marketing,Business
84249,Creative Writing,Literature
84249,Web Development,Computer Science
89194,Digital Marketing,Business
89194,Project Management,Business
89194,Public Speaking,Communication
89194,Web Development,Computer Science
86421,Creative Writing,Literature
68662,Marketing,Business
68662,Web Development,Computer Science
71816,Problem Solving,Mathematics
71816,Project Management,Business
83069,Project Management,Business
83069,Public Speaking,Communication
71238,Marketing,Business
71238,Project Management,Business
71238,Creative Writing,Literature
71238,Programming,Computer Science
92353,Marketing,Business
92353,Public Speaking,Communication
17356,Graphic Design,Design
17356,Programming,Computer Science
26125,Programming,Computer Science
26125,Web Development,Computer Science
9615,Graphic Design,Design
9615,Project Management,Business
63518,Problem Solving,Mathematics
53862,Project Management,Business
22458,Graphic Design,Design
22458,Project Management,Business
22458,Public Speaking,Communication
22458,Creative Writing,Literature
45870,Problem Solving,Mathematics
45870,Project Management,Business
69032,Problem Solving,Mathematics
69032,Programming,Computer Science
83581,Digital Marketing,Business
64476,Problem Solving,Mathematics
64476,Project Management,Business
64476,Web Development,Computer Science
64476,Digital Marketing,Business
64476,Public Speaking,Communication
35948,Graphic Design,Design
35948,Project Management,Business
35948,Creative Writing,Literature
35948,Programming,Computer Science
59076,Digital Marketing,Business
59076,Marketing,Business
73949,Digital Marketing,Business
73949,Web Development,Computer Science
73949,Creative Writing,Literature
73949,Programming,Computer Science
18784,Data Analysis,Statistics
18784,Digital Marketing,Business
95413,Data Analysis,Statistics
95413,Graphic Design,Design
95413,Public Speaking,Communication
48649,Data Analysis,Statistics
48649,Problem Solving,Mathematics
48649,Digital Marketing,Business
48649,Marketing,Business
68741,Digital Marketing,Business
68741,Web Development,Computer Science
78316,Project Management,Business
66701,Digital Marketing,Business
66701,Marketing,Business
66701,Creative Writing,Literature
30168,Problem Solving,Mathematics
30168,Digital Marketing,Business
30168,Marketing,Business
30168,Programming,Computer Science
44399,Project Management,Business
72338,Data Analysis,Statistics
72338,Creative Writing,Literature
66494,Digital Marketing,Business
66494,Creative Writing,Literature
66494,Programming,Computer Science
69041,Data Analysis,Statistics
69041,Marketing,Business
69041,Programming,Computer Science
47421,Digital Marketing,Business
47421,Marketing,Business
47421,Web Development,Computer Science
17821,Data Analysis,Statistics
17821,Graphic Design,Design
17821,Creative Writing,Literature
6926,Marketing,Business
80037,Digital Marketing,Business
80037,Marketing,Business
80037,Web Development,Computer Science
42645,Digital Marketing,Business
42645,Web Development,Computer Science
70079,Public Speaking,Communication
11547,Graphic Design,Design
11547,Data Analysis,Statistics
11547,Project Management,Business
11547,Web Development,Computer Science
11547,Programming,Computer Science
37000,Data Analysis,Statistics
37000,Programming,Computer Science
99593,Project Management,Business
70152,Problem Solving,Mathematics
70152,Creative Writing,Literature
63244,Marketing,Business
63244,Public Speaking,Communication
43780,Graphic Design,Design
43780,Marketing,Business
43780,Creative Writing,Literature
43780,Problem Solving,Mathematics
43780,Programming,Computer Science
6091,Problem Solving,Mathematics
6091,Digital Marketing,Business
6091,Public Speaking,Communication
18620,Problem Solving,Mathematics
18620,Creative Writing,Literature
18620,Programming,Computer Science
26082,Marketing,Business
26082,Public Speaking,Communication
21921,Digital Marketing,Business
21921,Marketing,Business
21921,Project Management,Business
12663,Data Analysis,Statistics
12663,Digital Marketing,Business
56779,Digital Marketing,Business
56779,Public Speaking,Communication
56779,Web Development,Computer Science
29487,Programming,Computer Science
55795,Data Analysis,Statistics
55795,Marketing,Business
55795,Project Management,Business
55795,Public Speaking,Communication
56180,Problem Solving,Mathematics
74209,Problem Solving,Mathematics
74209,Marketing,Business
13775,Marketing,Business
13775,Public Speaking,Communication
40483,Data Analysis,Statistics
40483,Problem Solving,Mathematics
40483,Graphic Design,Design
40483,Creative Writing,Literature
2263,Problem Solving,Mathematics
2263,Marketing,Business
2263,Creative Writing,Literature
29838,Problem Solving,Mathematics
29838,Digital Marketing,Business
29838,Project Management,Business
29838,Public Speaking,Communication
90697,Data Analysis,Statistics
90697,Marketing,Business
90697,Public Speaking,Communication
90697,Creative Writing,Literature
51679,Digital Marketing,Business
51679,Marketing,Business
60544,Data Analysis,Statistics
60544,Marketing,Business
65291,Data Analysis,Statistics
65291,Digital Marketing,Business
24430,Graphic Design,Design
24430,Marketing,Business
24430,Creative Writing,Literature
24430,Project Management,Business
24430,Public Speaking,Communication
1548,Web Development,Computer Science
1548,Marketing,Business
1548,Programming,Computer Science
10026,Public Speaking,Communication
10026,Programming,Computer Science
79962,Digital Marketing,Business
79962,Graphic Design,Design
79962,Public Speaking,Communication
96194,Marketing,Business
96194,Web Development,Computer Science
98049,Data Analysis,Statistics
98049,Problem Solving,Mathematics
98049,Public Speaking,Communication
98049,Programming,Computer Science
56633,Digital Marketing,Business
56633,Graphic Design,Design
56633,Project Management,Business
56633,Web Development,Computer Science
35549,Marketing,Business
16971,Digital Marketing,Business
16971,Marketing,Business
16971,Public Speaking,Communication
16971,Programming,Computer Science
78399,Data Analysis,Statistics
78399,Marketing,Business
78399,Web Development,Computer Science
42837,Web Development,Computer Science
37988,Problem Solving,Mathematics
37988,Marketing,Business
82626,Problem Solving,Mathematics
82626,Marketing,Business
82626,Programming,Computer Science
21255,Data Analysis,Statistics
21255,Graphic Design,Design
26561,Public Speaking,Communication
71607,Data Analysis,Statistics
71607,Creative Writing,Literature
71607,Project Management,Business
71607,Digital Marketing,Business
71607,Public Speaking,Communication
68911,Graphic Design,Design
68911,Public Speaking,Communication
68911,Creative Writing,Literature
68911,Web Development,Computer Science
18455,Marketing,Business
18455,Project Management,Business
18455,Creative Writing,Literature
18455,Programming,Computer Science
1895,Public Speaking,Communication
1895,Web Development,Computer Science
66974,Problem Solving,Mathematics
66974,Graphic Design,Design
66974,Project Management,Business
66974,Digital Marketing,Business
33350,Data Analysis,Statistics
33350,Graphic Design,Design
33350,Web Development,Computer Science
98861,Problem Solving,Mathematics
98861,Programming,Computer Science
61834,Marketing,Business
61834,Project Management,Business
61834,Programming,Computer Science
18814,Web Development,Computer Science
18814,Marketing,Business
18814,Public Speaking,Communication
18814,Programming,Computer Science
89478,Problem Solving,Mathematics
86204,Data Analysis,Statistics
86204,Digital Marketing,Business
86204,Graphic Design,Design
86204,Creative Writing,Literature
93125,Graphic Design,Design
93125,Marketing,Business
93125,Public Speaking,Communication
93125,Programming,Computer Science
81979,Project Management,Business
81979,Public Speaking,Communication
81979,Programming,Computer Science
92164,Marketing,Business
92164,Public Speaking,Communication
92164,Web Development,Computer Science
65017,Data Analysis,Statistics
65017,Creative Writing,Literature
61679,Marketing,Business
73041,Problem Solving,Mathematics
73041,Programming,Computer Science
4580,Data Analysis,Statistics
4580,Problem Solving,Mathematics
4580,Digital Marketing,Business
68894,Graphic Design,Design
68894,Project Management,Business
89407,Graphic Design,Design
89407,Programming,Computer Science
77067,Web Development,Computer Science
81235,Problem Solving,Mathematics
81235,Project Management,Business
28685,Graphic Design,Design
28685,Project Management,Business
47131,Graphic Design,Design
47131,Project Management,Business
2663,Graphic Design,Design
2663,Programming,Computer Science
1529,Problem Solving,Mathematics
1529,Graphic Design,Design
1529,Public Speaking,Communication
33226,Problem Solving,Mathematics
55589,Problem Solving,Mathematics
55589,Digital Marketing,Business
55589,Public Speaking,Communication
71030,Marketing,Business
71030,Creative Writing,Literature
71030,Programming,Computer Science
19624,Digital Marketing,Business
19624,Marketing,Business
85790,Graphic Design,Design
85790,Digital Marketing,Business
85790,Creative Writing,Literature
44004,Problem Solving,Mathematics
44004,Marketing,Business
44004,Creative Writing,Literature
44004,Web Development,Computer Science
6865,Programming,Computer Science
93204,Public Speaking,Communication
93204,Creative Writing,Literature
93204,Programming,Computer Science
76330,Web Development,Computer Science
72743,Problem Solving,Mathematics
72743,Digital Marketing,Business
72743,Marketing,Business
72743,Programming,Computer Science
59461,Marketing,Business
59461,Public Speaking,Communication
20478,Problem Solving,Mathematics
20478,Marketing,Business
20478,Project Management,Business
37986,Data Analysis,Statistics
37986,Creative Writing,Literature
37986,Web Development,Computer Science
48885,Problem Solving,Mathematics
48885,Graphic Design,Design
48885,Creative Writing,Literature
95030,Problem Solving,Mathematics
95030,Graphic Design,Design
95030,Project Management,Business
95030,Web Development,Computer Science
83591,Data Analysis,Statistics
83591,Graphic Design,Design
83591,Digital Marketing,Business
83591,Project Management,Business
9351,Project Management,Business
9351,Creative Writing,Literature
9351,Programming,Computer Science
89667,Creative Writing,Literature
89667,Web Development,Computer Science
89667,Digital Marketing,Business
89667,Public Speaking,Communication
89667,Programming,Computer Science
31187,Data Analysis,Statistics
31187,Marketing,Business
31187,Project Management,Business
58750,Data Analysis,Statistics
3048,Data Analysis,Statistics
25215,Problem Solving,Mathematics
25215,Digital Marketing,Business
25215,Public Speaking,Communication
25215,Web Development,Computer Science
49000,Digital Marketing,Business
49000,Graphic Design,Design
49000,Public Speaking,Communication
66499,Project Management,Business
66499,Public Speaking,Communication
1495,Project Management,Business
8732,Data Analysis,Statistics
8732,Graphic Design,Design
8732,Marketing,Business
66739,Creative Writing,Literature
26997,Data Analysis,Statistics
26997,Graphic Design,Design
26997,Digital Marketing,Business
26997,Programming,Computer Science
97794,Graphic Design,Design
97794,Digital Marketing,Business
97794,Public Speaking,Communication
97794,Programming,Computer Science
88483,Graphic Design,Design
88483,Marketing,Business
88483,Creative Writing,Literature
88483,Web Development,Computer Science
86921,Project Management,Business
44573,Data Analysis,Statistics
71188,Project Management,Business
71188,Public Speaking,Communication
83155,Problem Solving,Mathematics
83155,Marketing,Business
20136,Programming,Computer Science
20136,Public Speaking,Communication
20136,Web Development,Computer Science
41996,Graphic Design,Design
41996,Problem Solving,Mathematics
41996,Web Development,Computer Science
41996,Public Speaking,Communication
41996,Programming,Computer Science
71440,Problem Solving,Mathematics
71440,Public Speaking,Communication
42590,Project Management,Business
90184,Digital Marketing,Business
90184,Public Speaking,Communication
42318,Graphic Design,Design
41286,Project Management,Business
12209,Programming,Computer Science
10776,Programming,Computer Science
6201,Graphic Design,Design
6201,Creative Writing,Literature
6201,Project Management,Business
6201,Digital Marketing,Business
6201,Programming,Computer Science
70816,Web Development,Computer Science
70816,Programming,Computer Science
10337,Digital Marketing,Business
10337,Public Speaking,Communication
75988,Problem Solving,Mathematics
75988,Web Development,Computer Science
21204,Problem Solving,Mathematics
21204,Marketing,Business
21204,Public Speaking,Communication
46389,Marketing,Business
46389,Creative Writing,Literature
35211,Digital Marketing,Business
35211,Project Management,Business
35211,Public Speaking,Communication
35211,Web Development,Computer Science
39652,Digital Marketing,Business
92105,Graphic Design,Design
92105,Marketing,Business
92105,Creative Writing,Literature
92105,Digital Marketing,Business
92105,Programming,Computer Science
99144,Public Speaking,Communication
24117,Public Speaking,Communication
24117,Programming,Computer Science
51267,Data Analysis,Statistics
61863,Digital Marketing,Business
61863,Project Management,Business
61863,Creative Writing,Literature
61863,Web Development,Computer Science
2805,Graphic Design,Design
2805,Public Speaking,Communication
2805,Programming,Computer Science
93674,Programming,Computer Science
44489,Data Analysis,Statistics
44489,Marketing,Business
90650,Data Analysis,Statistics
90650,Graphic Design,Design
90650,Public Speaking,Communication
90650,Creative Writing,Literature
29550,Problem Solving,Mathematics
29550,Marketing,Business
29550,Public Speaking,Communication
64211,Data Analysis,Statistics
64211,Problem Solving,Mathematics
64211,Project Management,Business
23391,Marketing,Business
23391,Web Development,Computer Science
88841,Data Analysis,Statistics
88841,Programming,Computer Science
19363,Graphic Design,Design
19363,Web Development,Computer Science
9398,Graphic Design,Design
9398,Programming,Computer Science
69073,Programming,Computer Science
69073,Digital Marketing,Business
69073,Web Development,Computer Science
1038,Data Analysis,Statistics
1038,Creative Writing,Literature
1038,Web Development,Computer Science
94480,Digital Marketing,Business
94480,Public Speaking,Communication
22159,Data Analysis,Statistics
22159,Web Development,Computer Science
12447,Graphic Design,Design
12447,Data Analysis,Statistics
12447,Marketing,Business
12447,Public Speaking,Communication
12447,Programming,Computer Science
85554,Data Analysis,Statistics
85554,Graphic Design,Design
85554,Web Development,Computer Science
34221,Data Analysis,Statistics
34221,Graphic Design,Design
34221,Digital Marketing,Business
34221,Public Speaking,Communication
86536,Data Analysis,Statistics
86536,Problem Solving,Mathematics
86536,Graphic Design,Design
86536,Marketing,Business
76250,Marketing,Business
84166,Data Analysis,Statistics
84166,Digital Marketing,Business
84166,Public Speaking,Communication
84166,Web Development,Computer Science
60509,Data Analysis,Statistics
53344,Creative Writing,Literature
68681,Web Development,Computer Science
71225,Graphic Design,Design
71225,Digital Marketing,Business
71225,Creative Writing,Literature
71225,Web Development,Computer Science
98543,Data Analysis,Statistics
98543,Creative Writing,Literature
98543,Project Management,Business
98543,Web Development,Computer Science
98543,Digital Marketing,Business
56680,Marketing,Business
56680,Creative Writing,Literature
48269,Problem Solving,Mathematics
48269,Public Speaking,Communication
19228,Digital Marketing,Business
49220,Data Analysis,Statistics
49220,Creative Writing,Literature
49220,Web Development,Computer Science
66431,Project Management,Business
66431,Web Development,Computer Science
40958,Project Management,Business
58563,Graphic Design,Design
58563,Programming,Computer Science
43842,Problem Solving,Mathematics
43842,Project Management,Business
43842,Public Speaking,Communication
43842,Programming,Computer Science
41215,Creative Writing,Literature
55503,Programming,Computer Science
55503,Project Management,Business
55503,Creative Writing,Literature
55503,Web Development,Computer Science
31100,Creative Writing,Literature
67907,Data Analysis,Statistics
67907,Creative Writing,Literature
67907,Problem Solving,Mathematics
67907,Project Management,Business
67907,Web Development,Computer Science
94466,Data Analysis,Statistics
94466,Project Management,Business
94466,Public Speaking,Communication
94466,Web Development,Computer Science
23085,Public Speaking,Communication
23085,Creative Writing,Literature
84477,Problem Solving,Mathematics
84477,Digital Marketing,Business
84477,Project Management,Business
9062,Problem Solving,Mathematics
43183,Marketing,Business
43183,Creative Writing,Literature
43183,Programming,Computer Science
27015,Data Analysis,Statistics
27015,Problem Solving,Mathematics
27015,Graphic Design,Design
27015,Public Speaking,Communication
92760,Data Analysis,Statistics
92760,Marketing,Business
92760,Digital Marketing,Business
92760,Public Speaking,Communication
92760,Programming,Computer Science
20198,Digital Marketing,Business
20198,Marketing,Business
20198,Public Speaking,Communication
92197,Problem Solving,Mathematics
92197,Marketing,Business
99589,Graphic Design,Design
99589,Digital Marketing,Business
99589,Project Management,Business
99589,Creative Writing,Literature
17352,Graphic Design,Design
17352,Public Speaking,Communication
85624,Problem Solving,Mathematics
85624,Marketing,Business
85624,Creative Writing,Literature
31608,Problem Solving,Mathematics
31608,Graphic Design,Design
31608,Digital Marketing,Business
31608,Creative Writing,Literature
15058,Problem Solving,Mathematics
70629,Graphic Design,Design
70629,Data Analysis,Statistics
70629,Marketing,Business
70629,Project Management,Business
70629,Digital Marketing,Business
17367,Data Analysis,Statistics
17367,Problem Solving,Mathematics
17367,Programming,Computer Science
17367,Web Development,Computer Science
66300,Data Analysis,Statistics
66300,Creative Writing,Literature
66300,Project Management,Business
66300,Digital Marketing,Business
66300,Public Speaking,Communication
83129,Creative Writing,Literature
99390,Problem Solving,Mathematics
99390,Graphic Design,Design
99390,Public Speaking,Communication
99390,Programming,Computer Science
4175,Digital Marketing,Business
4175,Marketing,Business
9690,Marketing,Business
9690,Web Development,Computer Science
98997,Digital Marketing,Business
98997,Project Management,Business
66201,Programming,Computer Science
66201,Marketing,Business
66201,Creative Writing,Literature
66201,Web Development,Computer Science
35391,Problem Solving,Mathematics
35391,Marketing,Business
89061,Graphic Design,Design
89061,Project Management,Business
89061,Creative Writing,Literature
20571,Digital Marketing,Business
20571,Project Management,Business
20571,Public Speaking,Communication
90666,Problem Solving,Mathematics
90666,Project Management,Business
90666,Web Development,Computer Science
7650,Graphic Design,Design
7650,Project Management,Business
7650,Web Development,Computer Science
6241,Graphic Design,Design
6241,Digital Marketing,Business
6241,Creative Writing,Literature
21859,Digital Marketing,Business
21859,Programming,Computer Science
6719,Digital Marketing,Business
6719,Graphic Design,Design
6719,Programming,Computer Science
6719,Web Development,Computer Science
90102,Digital Marketing,Business
90102,Programming,Computer Science
17234,Graphic Design,Design
17234,Project Management,Business
17234,Web Development,Computer Science
93223,Data Analysis,Statistics
93223,Public Speaking,Communication
93223,Programming,Computer Science
62088,Graphic Design,Design
62088,Marketing,Business
62088,Programming,Computer Science
42639,Project Management,Business
11419,Digital Marketing,Business
11419,Web Development,Computer Science
51197,Data Analysis,Statistics
51197,Digital Marketing,Business
51197,Graphic Design,Design
51197,Problem Solving,Mathematics
62926,Web Development,Computer Science
5610,Data Analysis,Statistics
5610,Marketing,Business
5610,Web Development,Computer Science
5610,Digital Marketing,Business
5610,Public Speaking,Communication
43471,Public Speaking,Communication
70862,Digital Marketing,Business
70862,Web Development,Computer Science
70862,Programming,Computer Science
45828,Graphic Design,Design
45828,Public Speaking,Communication
45828,Web Development,Computer Science
38138,Problem Solving,Mathematics
38138,Marketing,Business
38138,Public Speaking,Communication
38138,Web Development,Computer Science
2529,Marketing,Business
2529,Programming,Computer Science
42306,Graphic Design,Design
42306,Creative Writing,Literature
83866,Data Analysis,Statistics
83866,Marketing,Business
83866,Public Speaking,Communication
83866,Web Development,Computer Science
45530,Graphic Design,Design
45530,Programming,Computer Science
70705,Problem Solving,Mathematics
70705,Digital Marketing,Business
70705,Marketing,Business
70705,Project Management,Business
47963,Project Management,Business
47963,Public Speaking,Communication
85636,Graphic Design,Design
85636,Digital Marketing,Business
85636,Marketing,Business
85636,Web Development,Computer Science
82853,Problem Solving,Mathematics
82853,Graphic Design,Design
82853,Web Development,Computer Science
26755,Creative Writing,Literature
26755,Web Development,Computer Science
39104,Problem Solving,Mathematics
39104,Marketing,Business
39104,Project Management,Business
39104,Programming,Computer Science
3730,Data Analysis,Statistics
3730,Problem Solving,Mathematics
3730,Project Management,Business
3730,Web Development,Computer Science
3730,Digital Marketing,Business
75812,Graphic Design,Design
75812,Problem Solving,Mathematics
75812,Project Management,Business
75812,Public Speaking,Communication
75812,Programming,Computer Science
65743,Marketing,Business
65743,Public Speaking,Communication
23654,Data Analysis,Statistics
59110,Digital Marketing,Business
59110,Creative Writing,Literature
59110,Programming,Computer Science
67983,Marketing,Business
67983,Programming,Computer Science
53867,Graphic Design,Design
87231,Graphic Design,Design
87231,Public Speaking,Communication
32775,Data Analysis,Statistics
32775,Digital Marketing,Business
32775,Public Speaking,Communication
32775,Web Development,Computer Science
75726,Graphic Design,Design
75726,Data Analysis,Statistics
75726,Problem Solving,Mathematics
75726,Project Management,Business
75726,Public Speaking,Communication
77968,Data Analysis,Statistics
77968,Project Management,Business
24895,Digital Marketing,Business
78039,Data Analysis,Statistics
25010,Programming,Computer Science
25010,Web Development,Computer Science
36129,Graphic Design,Design
36129,Data Analysis,Statistics
36129,Web Development,Computer Science
36129,Digital Marketing,Business
36129,Programming,Computer Science
33796,Problem Solving,Mathematics
33796,Digital Marketing,Business
33796,Project Management,Business
33796,Public Speaking,Communication
53345,Problem Solving,Mathematics
97860,Graphic Design,Design
97860,Project Management,Business
97860,Programming,Computer Science
12523,Programming,Computer Science
10357,Project Management,Business
10357,Creative Writing,Literature
48787,Problem Solving,Mathematics
48787,Digital Marketing,Business
48787,Project Management,Business
32961,Data Analysis,Statistics
32961,Problem Solving,Mathematics
32961,Web Development,Computer Science
63377,Data Analysis,Statistics
63377,Creative Writing,Literature
76231,Problem Solving,Mathematics
76231,Web Development,Computer Science
76231,Programming,Computer Science
98545,Graphic Design,Design
98545,Project Management,Business
93606,Digital Marketing,Business
93606,Project Management,Business
93606,Creative Writing,Literature
93606,Web Development,Computer Science
24515,Public Speaking,Communication
19006,Data Analysis,Statistics
19006,Problem Solving,Mathematics
19006,Project Management,Business
19006,Web Development,Computer Science
23857,Marketing,Business
23857,Creative Writing,Literature
23857,Programming,Computer Science
72736,Data Analysis,Statistics
46986,Data Analysis,Statistics
46986,Graphic Design,Design
46986,Creative Writing,Literature
46986,Programming,Computer Science
20201,Data Analysis,Statistics
20201,Programming,Computer Science
88224,Problem Solving,Mathematics
88224,Marketing,Business
88224,Project Management,Business
88224,Web Development,Computer Science
8470,Project Management,Business
82770,Creative Writing,Literature
1988,Marketing,Business
1988,Creative Writing,Literature
45482,Graphic Design,Design
45482,Digital Marketing,Business
45482,Programming,Computer Science
90853,Web Development,Computer Science
52264,Project Management,Business
59985,Project Management,Business
57201,Project Management,Business
35304,Data Analysis,Statistics
35304,Problem Solving,Mathematics
35304,Digital Marketing,Business
35304,Web Development,Computer Science
58004,Problem Solving,Mathematics
58004,Marketing,Business
73255,Data Analysis,Statistics
73255,Graphic Design,Design
73255,Public Speaking,Communication
68042,Project Management,Business
1592,Graphic Design,Design
1592,Data Analysis,Statistics
1592,Creative Writing,Literature
1592,Web Development,Computer Science
1592,Programming,Computer Science
89097,Data Analysis,Statistics
89097,Digital Marketing,Business
89097,Marketing,Business
89097,Creative Writing,Literature
91436,Graphic Design,Design
91436,Data Analysis,Statistics
91436,Marketing,Business
91436,Creative Writing,Literature
91436,Public Speaking,Communication
38908,Data Analysis,Statistics
38908,Marketing,Business
38908,Web Development,Computer Science
38908,Public Speaking,Communication
38908,Programming,Computer Science
65837,Web Development,Computer Science
65837,Marketing,Business
65837,Project Management,Business
65837,Programming,Computer Science
39726,Public Speaking,Communication
39726,Creative Writing,Literature
39726,Programming,Computer Science
79144,Graphic Design,Design
79144,Public Speaking,Communication
28092,Data Analysis,Statistics
28092,Creative Writing,Literature
29496,Marketing,Business
29496,Programming,Computer Science
6330,Creative Writing,Literature
6330,Web Development,Computer Science
59622,Graphic Design,Design
13844,Programming,Computer Science
81516,Problem Solving,Mathematics
81516,Public Speaking,Communication
81516,Web Development,Computer Science
18709,Data Analysis,Statistics
18709,Problem Solving,Mathematics
49869,Project Management,Business
49869,Public Speaking,Communication
18009,Data Analysis,Statistics
18009,Digital Marketing,Business
18009,Marketing,Business
18009,Public Speaking,Communication
90580,Digital Marketing,Business
33664,Problem Solving,Mathematics
33664,Project Management,Business
33664,Public Speaking,Communication
28782,Digital Marketing,Business
28782,Project Management,Business
28782,Public Speaking,Communication
6129,Project Management,Business
6129,Creative Writing,Literature
6129,Web Development,Computer Science
10508,Problem Solving,Mathematics
10508,Project Management,Business
10508,Programming,Computer Science
76704,Graphic Design,Design
76704,Marketing,Business
76704,Problem Solving,Mathematics
76704,Project Management,Business
76704,Public Speaking,Communication
28957,Programming,Computer Science
28957,Digital Marketing,Business
28957,Marketing,Business
28957,Web Development,Computer Science
15484,Data Analysis,Statistics
15484,Programming,Computer Science
15484,Graphic Design,Design
15484,Web Development,Computer Science
32410,Graphic Design,Design
32410,Digital Marketing,Business
32410,Creative Writing,Literature
32410,Programming,Computer Science
73102,Problem Solving,Mathematics
73102,Public Speaking,Communication
73102,Programming,Computer Science
62639,Data Analysis,Statistics
47541,Data Analysis,Statistics
47541,Problem Solving,Mathematics
47541,Project Management,Business
47541,Creative Writing,Literature
81676,Web Development,Computer Science
19005,Data Analysis,Statistics
19005,Digital Marketing,Business
19005,Graphic Design,Design
70453,Graphic Design,Design
70453,Marketing,Business
70453,Programming,Computer Science
61589,Programming,Computer Science
61589,Problem Solving,Mathematics
61589,Public Speaking,Communication
61589,Web Development,Computer Science
79833,Programming,Computer Science
6892,Data Analysis,Statistics
6892,Graphic Design,Design
6892,Public Speaking,Communication
85403,Web Development,Computer Science
85403,Programming,Computer Science
57644,Graphic Design,Design
57644,Data Analysis,Statistics
57644,Marketing,Business
57644,Project Management,Business
57644,Digital Marketing,Business
44171,Problem Solving,Mathematics
44171,Digital Marketing,Business
44171,Project Management,Business
29793,Graphic Design,Design
36359,Marketing,Business
12187,Data Analysis,Statistics
12187,Creative Writing,Literature
2706,Problem Solving,Mathematics
2706,Project Management,Business
2706,Web Development,Computer Science
85501,Marketing,Business
85501,Project Management,Business
85501,Public Speaking,Communication
24878,Web Development,Computer Science
69761,Data Analysis,Statistics
69761,Graphic Design,Design
69761,Marketing,Business
69761,Programming,Computer Science
3517,Graphic Design,Design
3517,Project Management,Business
22336,Marketing,Business
74973,Digital Marketing,Business
74973,Creative Writing,Literature
59996,Data Analysis,Statistics
59996,Creative Writing,Literature
46438,Problem Solving,Mathematics
46438,Digital Marketing,Business
46438,Project Management,Business
46438,Web Development,Computer Science
78483,Data Analysis,Statistics
78483,Digital Marketing,Business
78483,Marketing,Business
78483,Programming,Computer Science
59535,Digital Marketing,Business
59535,Graphic Design,Design
59535,Project Management,Business
59535,Programming,Computer Science
63508,Public Speaking,Communication
55285,Problem Solving,Mathematics
76710,Problem Solving,Mathematics
76710,Web Development,Computer Science
76710,Public Speaking,Communication
76710,Programming,Computer Science
36561,Data Analysis,Statistics
36561,Marketing,Business
36561,Public Speaking,Communication
32137,Web Development,Computer Science
70271,Marketing,Business
52076,Graphic Design,Design
52076,Digital Marketing,Business
52076,Marketing,Business
52076,Project Management,Business
80808,Creative Writing,Literature
16309,Data Analysis,Statistics
16309,Marketing,Business
16309,Public Speaking,Communication
29656,Data Analysis,Statistics
29656,Programming,Computer Science
29656,Creative Writing,Literature
29656,Web Development,Computer Science
78526,Programming,Computer Science
78526,Marketing,Business
78526,Problem Solving,Mathematics
78526,Web Development,Computer Science
66022,Problem Solving,Mathematics
66022,Public Speaking,Communication
66022,Programming,Computer Science
51612,Graphic Design,Design
51612,Project Management,Business
51612,Digital Marketing,Business
51612,Public Speaking,Communication
51612,Programming,Computer Science
657,Programming,Computer Science
657,Project Management,Business
657,Creative Writing,Literature
657,Web Development,Computer Science
7831,Project Management,Business
7831,Public Speaking,Communication
7831,Programming,Computer Science
14723,Web Development,Computer Science
48431,Data Analysis,Statistics
48431,Programming,Computer Science
48431,Marketing,Business
48431,Web Development,Computer Science
65301,Data Analysis,Statistics
65301,Problem Solving,Mathematics
65301,Digital Marketing,Business
65301,Public Speaking,Communication
65301,Programming,Computer Science
55151,Data Analysis,Statistics
55151,Graphic Design,Design
55151,Digital Marketing,Business
55151,Creative Writing,Literature
72365,Marketing,Business
72365,Programming,Computer Science
47212,Data Analysis,Statistics
47212,Problem Solving,Mathematics
47212,Public Speaking,Communication
47212,Web Development,Computer Science
9317,Data Analysis,Statistics
9317,Graphic Design,Design
9317,Public Speaking,Communication
4984,Programming,Computer Science
52042,Problem Solving,Mathematics
69606,Programming,Computer Science
69606,Marketing,Business
69606,Public Speaking,Communication
69606,Web Development,Computer Science
91661,Project Management,Business
64484,Data Analysis,Statistics
64484,Project Management,Business
64484,Creative Writing,Literature
55781,Programming,Computer Science
94745,Data Analysis,Statistics
66454,Marketing,Business
11034,Digital Marketing,Business
11034,Marketing,Business
11034,Public Speaking,Communication
26576,Digital Marketing,Business
26576,Project Management,Business
26576,Creative Writing,Literature
18219,Project Management,Business
18219,Programming,Computer Science
95485,Creative Writing,Literature
95485,Web Development,Computer Science
95485,Digital Marketing,Business
95485,Public Speaking,Communication
95485,Programming,Computer Science
54111,Project Management,Business
64527,Graphic Design,Design
64527,Programming,Computer Science
50208,Problem Solving,Mathematics
50208,Marketing,Business
50208,Project Management,Business
74274,Graphic Design,Design
15004,Problem Solving,Mathematics
87913,Graphic Design,Design
87913,Digital Marketing,Business
87913,Web Development,Computer Science
99209,Project Management,Business
70583,Project Management,Business
73144,Data Analysis,Statistics
73144,Graphic Design,Design
73144,Project Management,Business
73144,Programming,Computer Science
37703,Data Analysis,Statistics
37703,Public Speaking,Communication
18119,Data Analysis,Statistics
18119,Marketing,Business
18119,Web Development,Computer Science
61789,Marketing,Business
61789,Problem Solving,Mathematics
61789,Web Development,Computer Science
61789,Digital Marketing,Business
61789,Programming,Computer Science
7109,Digital Marketing,Business
7109,Marketing,Business
7109,Creative Writing,Literature
9894,Project Management,Business
9894,Web Development,Computer Science
95257,Problem Solving,Mathematics
95257,Marketing,Business
95257,Project Management,Business
95257,Web Development,Computer Science
25673,Graphic Design,Design
25673,Project Management,Business
25673,Public Speaking,Communication
25673,Web Development,Computer Science
46322,Digital Marketing,Business
46322,Marketing,Business
88676,Data Analysis,Statistics
88676,Problem Solving,Mathematics
88676,Project Management,Business
88676,Web Development,Computer Science
88676,Programming,Computer Science
67408,Problem Solving,Mathematics
67408,Digital Marketing,Business
67408,Public Speaking,Communication
67408,Web Development,Computer Science
28477,Graphic Design,Design
28477,Digital Marketing,Business
28477,Project Management,Business
28477,Web Development,Computer Science
11930,Data Analysis,Statistics
11930,Digital Marketing,Business
11930,Creative Writing,Literature
11930,Web Development,Computer Science
85904,Data Analysis,Statistics
85904,Marketing,Business
21134,Graphic Design,Design
21134,Marketing,Business
21134,Web Development,Computer Science
75790,Creative Writing,Literature
75790,Project Management,Business
75790,Web Development,Computer Science
75790,Digital Marketing,Business
75790,Programming,Computer Science
87163,Data Analysis,Statistics
87163,Creative Writing,Literature
99229,Problem Solving,Mathematics
99229,Digital Marketing,Business
25000,Data Analysis,Statistics
25000,Marketing,Business
25000,Creative Writing,Literature
34459,Graphic Design,Design
34459,Creative Writing,Literature
34459,Project Management,Business
34459,Digital Marketing,Business
34459,Public Speaking,Communication
64818,Digital Marketing,Business
64818,Creative Writing,Literature
86831,Problem Solving,Mathematics
86831,Programming,Computer Science
86831,Web Development,Computer Science
58651,Marketing,Business
58651,Web Development,Computer Science
9829,Programming,Computer Science
85948,Marketing,Business
85948,Public Speaking,Communication
85948,Creative Writing,Literature
15826,Marketing,Business
15826,Project Management,Business
15826,Public Speaking,Communication
15826,Web Development,Computer Science
90139,Data Analysis,Statistics
90139,Marketing,Business
90139,Project Management,Business
90139,Creative Writing,Literature
66801,Data Analysis,Statistics
66801,Problem Solving,Mathematics
66801,Project Management,Business
66801,Web Development,Computer Science
66801,Public Speaking,Communication
62095,Graphic Design,Design
62095,Project Management,Business
15896,Programming,Computer Science
85825,Data Analysis,Statistics
85825,Problem Solving,Mathematics
69506,Creative Writing,Literature
38264,Digital Marketing,Business
38264,Marketing,Business
38264,Web Development,Computer Science
68353,Data Analysis,Statistics
68353,Problem Solving,Mathematics
68353,Marketing,Business
68353,Web Development,Computer Science
25073,Programming,Computer Science
76170,Digital Marketing,Business
76170,Project Management,Business
76170,Public Speaking,Communication
37456,Problem Solving,Mathematics
37456,Graphic Design,Design
37456,Digital Marketing,Business
37456,Creative Writing,Literature
94830,Data Analysis,Statistics
94830,Digital Marketing,Business
94830,Marketing,Business
94830,Web Development,Computer Science
32558,Problem Solving,Mathematics
32558,Digital Marketing,Business
32558,Project Management,Business
32558,Web Development,Computer Science
48863,Problem Solving,Mathematics
48863,Programming,Computer Science
47552,Graphic Design,Design
47552,Public Speaking,Communication
47552,Creative Writing,Literature
56704,Project Management,Business
60620,Marketing,Business
60620,Creative Writing,Literature
60620,Web Development,Computer Science
92225,Graphic Design,Design
92225,Public Speaking,Communication
92225,Creative Writing,Literature
35524,Programming,Computer Science
35524,Marketing,Business
35524,Creative Writing,Literature
35524,Web Development,Computer Science
57258,Marketing,Business
1803,Graphic Design,Design
1803,Project Management,Business
1803,Public Speaking,Communication
98501,Graphic Design,Design
98501,Marketing,Business
98501,Public Speaking,Communication
2608,Digital Marketing,Business
2608,Public Speaking,Communication
2608,Creative Writing,Literature
2608,Web Development,Computer Science
17113,Project Management,Business
60461,Programming,Computer Science
60461,Web Development,Computer Science
38208,Graphic Design,Design
38208,Marketing,Business
38208,Programming,Computer Science
31863,Data Analysis,Statistics
31863,Problem Solving,Mathematics
31863,Web Development,Computer Science
30920,Digital Marketing,Business
30920,Public Speaking,Communication
91356,Graphic Design,Design
91356,Project Management,Business
91356,Public Speaking,Communication
91356,Programming,Computer Science
31157,Programming,Computer Science
65713,Data Analysis,Statistics
65713,Digital Marketing,Business
65713,Graphic Design,Design
94856,Data Analysis,Statistics
94856,Graphic Design,Design
94856,Marketing,Business
94856,Programming,Computer Science
90128,Problem Solving,Mathematics
90128,Digital Marketing,Business
90128,Public Speaking,Communication
90128,Web Development,Computer Science
23399,Data Analysis,Statistics
23399,Programming,Computer Science
88903,Data Analysis,Statistics
88903,Problem Solving,Mathematics
2984,Data Analysis,Statistics
2984,Digital Marketing,Business
2984,Marketing,Business
51829,Graphic Design,Design
51829,Digital Marketing,Business
51829,Marketing,Business
51829,Project Management,Business
87956,Digital Marketing,Business
87956,Creative Writing,Literature
52974,Data Analysis,Statistics
52974,Creative Writing,Literature
52974,Web Development,Computer Science
18639,Data Analysis,Statistics
18639,Graphic Design,Design
18639,Digital Marketing,Business
18639,Web Development,Computer Science
36050,Project Management,Business
66968,Data Analysis,Statistics
66968,Creative Writing,Literature
71130,Graphic Design,Design
14443,Problem Solving,Mathematics
14443,Graphic Design,Design
14443,Project Management,Business
14443,Programming,Computer Science
39973,Digital Marketing,Business
82956,Data Analysis,Statistics
82956,Public Speaking,Communication
82956,Creative Writing,Literature
27908,Programming,Computer Science
27908,Graphic Design,Design
27908,Creative Writing,Literature
27908,Web Development,Computer Science
30963,Programming,Computer Science
30963,Public Speaking,Communication
30963,Web Development,Computer Science
34932,Digital Marketing,Business
34932,Project Management,Business
34932,Creative Writing,Literature
34932,Programming,Computer Science
34900,Graphic Design,Design
34900,Marketing,Business
34900,Public Speaking,Communication
34900,Web Development,Computer Science
67696,Marketing,Business
70466,Digital Marketing,Business
70466,Project Management,Business
70466,Programming,Computer Science
92258,Digital Marketing,Business
92258,Public Speaking,Communication
59365,Creative Writing,Literature
59365,Web Development,Computer Science
45433,Data Analysis,Statistics
45433,Problem Solving,Mathematics
45433,Graphic Design,Design
45433,Marketing,Business
92528,Problem Solving,Mathematics
92528,Digital Marketing,Business
92528,Public Speaking,Communication
76402,Problem Solving,Mathematics
76402,Digital Marketing,Business
34619,Digital Marketing,Business
34619,Marketing,Business
14101,Marketing,Business
14101,Project Management,Business
14101,Web Development,Computer Science
14101,Digital Marketing,Business
14101,Public Speaking,Communication
29678,Data Analysis,Statistics
29678,Graphic Design,Design
24239,Graphic Design,Design
24239,Project Management,Business
24239,Digital Marketing,Business
24239,Public Speaking,Communication
24239,Programming,Computer Science
13849,Data Analysis,Statistics
13849,Project Management,Business
13849,Public Speaking,Communication
13849,Creative Writing,Literature
65880,Marketing,Business
65880,Public Speaking,Communication
65880,Creative Writing,Literature
65880,Web Development,Computer Science
31785,Data Analysis,Statistics
31785,Problem Solving,Mathematics
31785,Public Speaking,Communication
31785,Web Development,Computer Science
87565,Data Analysis,Statistics
87565,Public Speaking,Communication
87565,Creative Writing,Literature
87565,Programming,Computer Science
18912,Graphic Design,Design
18912,Digital Marketing,Business
18912,Marketing,Business
18912,Web Development,Computer Science
31356,Web Development,Computer Science
31356,Project Management,Business
31356,Public Speaking,Communication
31356,Programming,Computer Science
56072,Graphic Design,Design
56072,Marketing,Business
56072,Project Management,Business
43868,Data Analysis,Statistics
32968,Problem Solving,Mathematics
32968,Project Management,Business
32968,Programming,Computer Science
42741,Graphic Design,Design
42741,Digital Marketing,Business
42741,Project Management,Business
42741,Programming,Computer Science
21553,Data Analysis,Statistics
21553,Graphic Design,Design
21553,Public Speaking,Communication
75297,Marketing,Business
75297,Public Speaking,Communication
32358,Marketing,Business
32358,Project Management,Business
32358,Creative Writing,Literature
40255,Problem Solving,Mathematics
79214,Marketing,Business
79214,Public Speaking,Communication
79214,Programming,Computer Science
85045,Marketing,Business
85045,Project Management,Business
72033,Problem Solving,Mathematics
72033,Project Management,Business
37854,Data Analysis,Statistics
91310,Marketing,Business
91310,Project Management,Business
10730,Graphic Design,Design
10730,Marketing,Business
10730,Programming,Computer Science
37248,Data Analysis,Statistics
37248,Graphic Design,Design
37248,Marketing,Business
82801,Data Analysis,Statistics
82801,Public Speaking,Communication
82801,Creative Writing,Literature
82801,Programming,Computer Science
17316,Problem Solving,Mathematics
57853,Digital Marketing,Business
62827,Graphic Design,Design
62827,Data Analysis,Statistics
62827,Problem Solving,Mathematics
62827,Web Development,Computer Science
62827,Digital Marketing,Business
18259,Project Management,Business
18259,Public Speaking,Communication
18259,Creative Writing,Literature
18259,Web Development,Computer Science
77679,Digital Marketing,Business
77679,Graphic Design,Design
77679,Web Development,Computer Science
5529,Problem Solving,Mathematics
5529,Graphic Design,Design
5529,Programming,Computer Science
10373,Graphic Design,Design
10373,Project Management,Business
10373,Web Development,Computer Science
23564,Problem Solving,Mathematics
23564,Creative Writing,Literature
23564,Web Development,Computer Science
38255,Data Analysis,Statistics
38255,Marketing,Business
38255,Web Development,Computer Science
7377,Digital Marketing,Business
26974,Graphic Design,Design
26974,Web Development,Computer Science
26974,Creative Writing,Literature
26974,Programming,Computer Science
95099,Public Speaking,Communication
95099,Web Development,Computer Science
89880,Data Analysis,Statistics
89880,Marketing,Business
89880,Programming,Computer Science
34534,Creative Writing,Literature
34534,Programming,Computer Science
83701,Graphic Design,Design
90522,Problem Solving,Mathematics
90522,Web Development,Computer Science
63470,Public Speaking,Communication
66159,Public Speaking,Communication
66159,Creative Writing,Literature
78965,Graphic Design,Design
78965,Marketing,Business
78965,Programming,Computer Science
87346,Marketing,Business
87346,Project Management,Business
87346,Web Development,Computer Science
66610,Digital Marketing,Business
37188,Project Management,Business
25082,Problem Solving,Mathematics
25082,Public Speaking,Communication
12081,Problem Solving,Mathematics
12081,Web Development,Computer Science
